company_id,year,return_on_equity_pct,revenue_cagr_5yr,revenue_cagr_5yr_flag,pat_cagr_5yr,pat_cagr_5yr_flag,eps_cagr_5yr,eps_cagr_5yr_flag,composite_quality_score
ABB,Dec 2012,22.41,,,,,,,22.41
ABB,Mar 2014,25.13,,,,,,,25.13
ABB,Mar 2014,25.13,,,,,,,25.13
ABB,Mar 2015,24.44,,,,,,,24.44
ABB,Mar 2015,24.44,,,,,,,24.44
ABB,Mar 2016,21.34,2.81,NORMAL,5.19,NORMAL,5.23,NORMAL,8.64
ABB,Mar 2016,21.34,2.81,NORMAL,5.19,NORMAL,5.23,NORMAL,8.64
ABB,Mar 2017,19.97,4.87,NORMAL,3.88,NORMAL,3.78,NORMAL,8.12
ABB,Mar 2017,19.97,4.87,NORMAL,3.88,NORMAL,3.78,NORMAL,8.12
ABB,Mar 2018,23.69,4.76,NORMAL,9.48,NORMAL,9.51,NORMAL,11.86
ABB,Mar 2018,23.69,4.76,NORMAL,9.48,NORMAL,9.51,NORMAL,11.86
ABB,Mar 2019,22.41,4.85,NORMAL,10.19,NORMAL,10.28,NORMAL,11.93
ABB,Mar 2019,22.41,4.85,NORMAL,10.19,NORMAL,10.28,NORMAL,11.93
ABB,Mar 2020,24.39,4.41,NORMAL,8.14,NORMAL,8.1,NORMAL,11.26
ABB,Mar 2020,24.39,4.41,NORMAL,8.14,NORMAL,8.1,NORMAL,11.26
ABB,Mar 2021,26.56,3.22,NORMAL,8.96,NORMAL,8.92,NORMAL,11.92
ABB,Mar 2021,26.56,3.22,NORMAL,8.96,NORMAL,8.92,NORMAL,11.92
ABB,Mar 2022,28.33,3.72,NORMAL,6.14,NORMAL,6.15,NORMAL,11.08
ABB,Mar 2022,28.33,3.72,NORMAL,6.14,NORMAL,6.15,NORMAL,11.08
ABB,Mar 2023,29.77,4.41,NORMAL,6.55,NORMAL,6.58,NORMAL,11.83
ABB,Mar 2023,29.77,4.41,NORMAL,6.55,NORMAL,6.58,NORMAL,11.83
ABB,Mar 2024,32.47,3.55,NORMAL,8.49,NORMAL,8.49,NORMAL,13.25
ABB,Mar 2024,32.47,3.55,NORMAL,8.49,NORMAL,8.49,NORMAL,13.25
ADANIENSOL,Mar 2014,0.0,,,,,,,0.0
ADANIENSOL,Mar 2015,-0.65,,,,,,,-0.65
ADANIENSOL,Mar 2016,13.77,,,,,,,13.77
ADANIENSOL,Mar 2017,14.12,,,,,,,14.12
ADANIENSOL,Mar 2018,18.87,,,,,,,18.87
ADANIENSOL,Mar 2019,6.950000000000001,,ZERO_BASE,,ZERO_BASE,,ZERO_BASE,6.95
ADANIENSOL,Mar 2020,8.309999999999999,144.37,NORMAL,,TURNAROUND,,ZERO_BASE,76.34
ADANIENSOL,Mar 2021,14.46,35.24,NORMAL,28.51,NORMAL,29.67,NORMAL,26.97
ADANIENSOL,Mar 2022,12.47,31.38,NORMAL,24.33,NORMAL,22.42,NORMAL,22.65
ADANIENSOL,Mar 2023,10.9,27.51,NORMAL,2.31,NORMAL,1.92,NORMAL,10.66
ADANIENSOL,Mar 2024,9.46,17.85,NORMAL,16.43,NORMAL,14.87,NORMAL,14.65
ADANIENT,Mar 2013,5.69,,,,,,,5.69
ADANIENT,Mar 2014,11.14,,,,,,,11.14
ADANIENT,Mar 2015,8.93,,,,,,,8.93
ADANIENT,Mar 2016,7.470000000000001,,,,,,,7.47
ADANIENT,Mar 2017,6.54,,,,,,,6.54
ADANIENT,Mar 2018,3.94,-4.98,NORMAL,-13.38,NORMAL,-14.14,NORMAL,-7.14
ADANIENT,Mar 2019,3.43,-5.98,NORMAL,-28.17,NORMAL,-18.94,NORMAL,-12.42
ADANIENT,Mar 2020,6.140000000000001,-7.61,NORMAL,-14.66,NORMAL,-11.09,NORMAL,-6.8
ADANIENT,Mar 2021,6.1,3.06,NORMAL,0.9,NORMAL,-2.33,NORMAL,1.93
ADANIENT,Mar 2022,3.54,13.7,NORMAL,-3.16,NORMAL,-4.9,NORMAL,2.29
ADANIENT,Mar 2023,7.33,28.84,NORMAL,32.46,NORMAL,25.74,NORMAL,23.59
ADANIENT,Mar 2024,8.53,19.02,NORMAL,45.81,NORMAL,31.95,NORMAL,26.33
ADANIGREEN,Mar 2017,-3.91,,,,,,,-3.91
ADANIGREEN,Mar 2018,-10.29,,,,,,,-10.29
ADANIGREEN,Mar 2019,-24.57,,,,,,,-24.57
ADANIGREEN,Mar 2020,-2.89,,,,,,,-2.89
ADANIGREEN,Mar 2021,8.27,,,,,,,8.27
ADANIGREEN,Mar 2022,18.71,59.2,NORMAL,,TURNAROUND,,ZERO_BASE,38.96
ADANIGREEN,Mar 2023,13.32,39.35,NORMAL,,TURNAROUND,,TURNAROUND,26.34
ADANIGREEN,Mar 2024,12.81,34.98,NORMAL,,TURNAROUND,,TURNAROUND,23.9
ADANIPORTS,Mar 2013,25.63,,,,,,,25.63
ADANIPORTS,Mar 2014,19.86,6.19,NORMAL,1.21,NORMAL,0.0,NORMAL,6.82
ADANIPORTS,Mar 2015,21.59,4.96,NORMAL,5.95,NORMAL,6.58,NORMAL,9.77
ADANIPORTS,Mar 2016,21.15,2.93,NORMAL,4.21,NORMAL,4.94,NORMAL,8.31
ADANIPORTS,Mar 2017,22.26,3.49,NORMAL,6.44,NORMAL,6.3,NORMAL,9.62
ADANIPORTS,Mar 2018,17.65,6.06,NORMAL,-1.11,NORMAL,-1.08,NORMAL,5.38
ADANIPORTS,Mar 2019,16.6,-0.71,NORMAL,1.85,NORMAL,1.09,NORMAL,4.71
ADANIPORTS,Mar 2020,14.87,1.68,NORMAL,-1.32,NORMAL,0.0,NORMAL,3.81
ADANIPORTS,Mar 2021,16.59,1.12,NORMAL,5.93,NORMAL,5.64,NORMAL,7.32
ADANIPORTS,Mar 2022,11.84,6.41,NORMAL,-0.38,NORMAL,-1.65,NORMAL,4.06
ADANIPORTS,Mar 2023,11.88,4.02,NORMAL,1.71,NORMAL,1.68,NORMAL,4.82
ADANIPORTS,Mar 2024,15.35,5.08,NORMAL,8.49,NORMAL,8.73,NORMAL,9.41
ADANIPORTS,Mar 2013,25.63,,,,,,,25.63
ADANIPORTS,Mar 2014,19.86,6.19,NORMAL,1.21,NORMAL,0.0,NORMAL,6.82
ADANIPORTS,Mar 2015,21.59,4.96,NORMAL,5.95,NORMAL,6.58,NORMAL,9.77
ADANIPORTS,Mar 2016,21.15,2.93,NORMAL,4.21,NORMAL,4.94,NORMAL,8.31
ADANIPORTS,Mar 2017,22.26,3.49,NORMAL,6.44,NORMAL,6.3,NORMAL,9.62
ADANIPORTS,Mar 2018,17.65,6.06,NORMAL,-1.11,NORMAL,-1.08,NORMAL,5.38
ADANIPORTS,Mar 2019,16.6,-0.71,NORMAL,1.85,NORMAL,1.09,NORMAL,4.71
ADANIPORTS,Mar 2020,14.87,1.68,NORMAL,-1.32,NORMAL,0.0,NORMAL,3.81
ADANIPORTS,Mar 2021,16.59,1.12,NORMAL,5.93,NORMAL,5.64,NORMAL,7.32
ADANIPORTS,Mar 2022,11.84,6.41,NORMAL,-0.38,NORMAL,-1.65,NORMAL,4.06
ADANIPORTS,Mar 2023,11.88,4.02,NORMAL,1.71,NORMAL,1.68,NORMAL,4.82
ADANIPORTS,Mar 2024,15.35,5.08,NORMAL,8.49,NORMAL,8.73,NORMAL,9.41
ADANIPOWER,Mar 2013,-53.45999999999999,,,,,,,-53.46
ADANIPOWER,Mar 2014,-4.45,,,,,,,-4.45
ADANIPOWER,Mar 2015,-14.25,,,,,,,-14.25
ADANIPOWER,Mar 2016,7.380000000000001,,,,,,,7.38
ADANIPOWER,Mar 2017,-205.8,,,,,,,-205.8
ADANIPOWER,Mar 2018,-236.56,24.85,NORMAL,,BOTH_NEGATIVE,,BOTH_NEGATIVE,-105.86
ADANIPOWER,Mar 2019,-12.76,9.28,NORMAL,,BOTH_NEGATIVE,,BOTH_NEGATIVE,-1.74
ADANIPOWER,Mar 2020,-35.09999999999999,7.21,NORMAL,,BOTH_NEGATIVE,,BOTH_NEGATIVE,-13.94
ADANIPOWER,Mar 2021,9.69,0.66,NORMAL,18.18,NORMAL,8.45,NORMAL,9.25
ADANIPOWER,Mar 2022,26.61,4.15,NORMAL,,TURNAROUND,,TURNAROUND,15.38
ADANIPOWER,Mar 2023,35.91,13.81,NORMAL,,TURNAROUND,,TURNAROUND,24.86
ADANIPOWER,Mar 2024,48.28,16.09,NORMAL,,TURNAROUND,,TURNAROUND,32.18
AMBUJACEM,Dec 2012,14.69,,,,,,,14.69
AMBUJACEM,Dec 2013,13.51,,,,,,,13.51
AMBUJACEM,Dec 2014,14.77,,,,,,,14.77
AMBUJACEM,Dec 2015,7.870000000000001,,,,,,,7.87
AMBUJACEM,Dec 2016,7.23,,,,,,,7.23
AMBUJACEM,Dec 2017,9.41,19.35,NORMAL,8.53,NORMAL,0.0,NORMAL,9.32
AMBUJACEM,Dec 2018,13.29,23.24,NORMAL,18.39,NORMAL,6.58,NORMAL,15.38
AMBUJACEM,Dec 2019,11.56,22.18,NORMAL,13.35,NORMAL,1.92,NORMAL,12.25
AMBUJACEM,Dec 2020,13.65,21.04,NORMAL,30.91,NORMAL,19.14,NORMAL,21.18
AMBUJACEM,Dec 2021,14.64,7.59,NORMAL,20.95,NORMAL,18.47,NORMAL,15.41
AMBUJACEM,Mar 2024,11.43,4.95,NORMAL,9.77,NORMAL,7.78,NORMAL,8.48
APOLLOHOSP,Mar 2013,11.03,,,,,,,11.03
APOLLOHOSP,Mar 2014,10.58,,,,,,,10.58
APOLLOHOSP,Mar 2015,10.56,,,,,,,10.56
APOLLOHOSP,Mar 2016,7.049999999999999,,,,,,,7.05
APOLLOHOSP,Mar 2017,3.95,,,,,,,3.95
APOLLOHOSP,Mar 2018,1.85,16.94,NORMAL,-27.67,NORMAL,-18.32,NORMAL,-6.8
APOLLOHOSP,Mar 2019,6.0,17.16,NORMAL,-8.68,NORMAL,-5.87,NORMAL,2.15
APOLLOHOSP,Mar 2020,12.93,17.0,NORMAL,5.22,NORMAL,6.58,NORMAL,10.43
APOLLOHOSP,Mar 2021,2.98,11.42,NORMAL,-10.23,NORMAL,-10.07,NORMAL,-1.48
APOLLOHOSP,Mar 2022,19.7,15.11,NORMAL,53.27,NORMAL,35.47,NORMAL,30.89
APOLLOHOSP,Mar 2023,13.62,15.04,NORMAL,69.68,NORMAL,48.1,NORMAL,36.61
APOLLOHOSP,Mar 2024,13.48,14.66,NORMAL,36.13,NORMAL,29.95,NORMAL,23.56
ASIANPAINT,Mar 2013,34.28,,,,,,,34.28
ASIANPAINT,Mar 2013,34.28,,,,,,,34.28
ASIANPAINT,Mar 2014,31.27,,,,,,,31.27
ASIANPAINT,Mar 2014,31.27,,,,,,,31.27
ASIANPAINT,Mar 2015,30.09,5.33,NORMAL,4.23,NORMAL,4.56,NORMAL,11.05
ASIANPAINT,Mar 2015,30.09,5.33,NORMAL,4.23,NORMAL,4.56,NORMAL,11.05
ASIANPAINT,Mar 2016,27.63,3.15,NORMAL,7.38,NORMAL,6.72,NORMAL,11.22
ASIANPAINT,Mar 2016,27.63,3.15,NORMAL,7.38,NORMAL,6.72,NORMAL,11.22
ASIANPAINT,Mar 2017,26.51,2.04,NORMAL,7.16,NORMAL,5.92,NORMAL,10.41
ASIANPAINT,Mar 2017,26.51,2.04,NORMAL,7.16,NORMAL,5.92,NORMAL,10.41
ASIANPAINT,Mar 2018,24.95,3.35,NORMAL,3.08,NORMAL,3.13,NORMAL,8.63
ASIANPAINT,Mar 2018,24.95,3.35,NORMAL,3.08,NORMAL,3.13,NORMAL,8.63
ASIANPAINT,Mar 2019,23.31,5.02,NORMAL,1.84,NORMAL,1.92,NORMAL,8.02
ASIANPAINT,Mar 2019,23.31,5.02,NORMAL,1.84,NORMAL,1.92,NORMAL,8.02
ASIANPAINT,Mar 2020,27.38,3.74,NORMAL,5.75,NORMAL,5.92,NORMAL,10.7
ASIANPAINT,Mar 2020,27.38,3.74,NORMAL,5.75,NORMAL,5.92,NORMAL,10.7
ASIANPAINT,Mar 2021,25.04,2.45,NORMAL,7.75,NORMAL,8.45,NORMAL,10.92
ASIANPAINT,Mar 2021,25.04,2.45,NORMAL,7.75,NORMAL,8.45,NORMAL,10.92
ASIANPAINT,Mar 2022,22.34,7.56,NORMAL,2.15,NORMAL,2.71,NORMAL,8.69
ASIANPAINT,Mar 2022,22.34,7.56,NORMAL,2.15,NORMAL,2.71,NORMAL,8.69
ASIANPAINT,Mar 2023,26.23,9.7,NORMAL,5.52,NORMAL,5.44,NORMAL,11.72
ASIANPAINT,Mar 2023,26.23,9.7,NORMAL,5.52,NORMAL,5.44,NORMAL,11.72
ASIANPAINT,Mar 2024,29.68,4.05,NORMAL,12.49,NORMAL,12.24,NORMAL,14.62
ASIANPAINT,Mar 2024,29.68,4.05,NORMAL,12.49,NORMAL,12.24,NORMAL,14.62
BAJAJ-AUTO,Mar 2013,38.85,,,,,,,38.85
BAJAJ-AUTO,Mar 2013,38.85,,,,,,,38.85
BAJAJ-AUTO,Mar 2014,33.23999999999999,,,,,,,33.24
BAJAJ-AUTO,Mar 2014,33.23999999999999,,,,,,,33.24
BAJAJ-AUTO,Mar 2015,27.27,1.52,NORMAL,-0.69,NORMAL,-0.56,NORMAL,6.88
BAJAJ-AUTO,Mar 2015,27.27,1.52,NORMAL,-0.69,NORMAL,-0.56,NORMAL,6.88
BAJAJ-AUTO,Mar 2016,28.97,2.31,NORMAL,3.74,NORMAL,3.65,NORMAL,9.67
BAJAJ-AUTO,Mar 2016,28.97,2.31,NORMAL,3.74,NORMAL,3.65,NORMAL,9.67
BAJAJ-AUTO,Mar 2017,22.84,0.15,NORMAL,6.15,NORMAL,6.07,NORMAL,8.8
BAJAJ-AUTO,Mar 2017,22.84,0.15,NORMAL,6.15,NORMAL,6.07,NORMAL,8.8
BAJAJ-AUTO,Mar 2018,20.66,2.23,NORMAL,0.77,NORMAL,0.84,NORMAL,6.12
BAJAJ-AUTO,Mar 2018,20.66,2.23,NORMAL,0.77,NORMAL,0.84,NORMAL,6.12
BAJAJ-AUTO,Mar 2019,21.21,6.89,NORMAL,3.85,NORMAL,3.81,NORMAL,8.94
BAJAJ-AUTO,Mar 2019,21.21,6.89,NORMAL,3.85,NORMAL,3.81,NORMAL,8.94
BAJAJ-AUTO,Mar 2020,24.06,3.48,NORMAL,4.32,NORMAL,4.28,NORMAL,9.04
BAJAJ-AUTO,Mar 2020,24.06,3.48,NORMAL,4.32,NORMAL,4.28,NORMAL,9.04
BAJAJ-AUTO,Mar 2021,17.81,-1.79,NORMAL,-0.29,NORMAL,-0.24,NORMAL,3.87
BAJAJ-AUTO,Mar 2021,17.81,-1.79,NORMAL,-0.29,NORMAL,-0.24,NORMAL,3.87
BAJAJ-AUTO,Mar 2022,20.65,2.07,NORMAL,3.42,NORMAL,3.42,NORMAL,7.39
BAJAJ-AUTO,Mar 2022,20.65,2.07,NORMAL,3.42,NORMAL,3.42,NORMAL,7.39
BAJAJ-AUTO,Mar 2023,20.64,5.62,NORMAL,4.53,NORMAL,4.96,NORMAL,8.94
BAJAJ-AUTO,Mar 2023,20.64,5.62,NORMAL,4.53,NORMAL,4.96,NORMAL,8.94
BAJAJ-AUTO,Mar 2024,26.61,6.24,NORMAL,4.57,NORMAL,5.32,NORMAL,10.68
BAJAJ-AUTO,Mar 2024,26.61,6.24,NORMAL,4.57,NORMAL,5.32,NORMAL,10.68
AXISBANK,Mar 2013,15.62,,,,,,,15.62
AXISBANK,Mar 2014,16.19,,,,,,,16.19
AXISBANK,Mar 2015,16.37,,,,,,,16.37
AXISBANK,Mar 2016,15.36,,,,,,,15.36
AXISBANK,Mar 2017,6.529999999999999,,,,,,,6.53
AXISBANK,Mar 2018,0.43,10.99,NORMAL,-44.37,NORMAL,-46.11,NORMAL,-19.76
AXISBANK,Mar 2019,6.9,12.41,NORMAL,-5.54,NORMAL,-7.09,NORMAL,1.67
AXISBANK,Mar 2020,1.88,12.04,NORMAL,-26.05,NORMAL,-28.0,NORMAL,-10.03
AXISBANK,Mar 2021,6.36,9.1,NORMAL,-4.34,NORMAL,-8.87,NORMAL,0.56
AXISBANK,Mar 2022,11.01,8.63,NORMAL,28.77,NORMAL,22.87,NORMAL,17.82
AXISBANK,Mar 2023,7.380000000000001,13.22,NORMAL,103.28,NORMAL,98.73,NORMAL,55.65
AXISBANK,Mar 2024,15.83,14.74,NORMAL,39.67,NORMAL,35.1,NORMAL,26.34
BAJAJFINSV,Mar 2013,28.38,,,,,,,28.38
BAJAJFINSV,Mar 2014,23.53,,,,,,,23.53
BAJAJFINSV,Mar 2015,21.72,,,,,,,21.72
BAJAJFINSV,Mar 2016,20.41,,,,,,,20.41
BAJAJFINSV,Mar 2017,21.36,,,,,,,21.36
BAJAJFINSV,Mar 2018,20.39,32.47,NORMAL,13.53,NORMAL,11.2,NORMAL,19.4
BAJAJFINSV,Mar 2019,22.64,47.89,NORMAL,19.66,NORMAL,14.87,NORMAL,26.26
BAJAJFINSV,Mar 2020,19.15,36.82,NORMAL,20.0,NORMAL,13.81,NORMAL,22.44
BAJAJFINSV,Mar 2021,20.56,24.16,NORMAL,21.56,NORMAL,18.47,NORMAL,21.19
BAJAJFINSV,Mar 2022,20.66,22.79,NORMAL,19.23,NORMAL,15.68,NORMAL,19.59
BAJAJFINSV,Mar 2023,26.31,20.09,NORMAL,23.93,NORMAL,18.66,NORMAL,22.25
BAJAJFINSV,Mar 2024,25.85,20.97,NORMAL,23.75,NORMAL,20.59,NORMAL,22.79
BAJAJHLDNG,Mar 2013,17.94,,,,,,,17.94
BAJAJHLDNG,Mar 2014,16.57,,,,,,,16.57
BAJAJHLDNG,Mar 2015,15.15,,,,,,,15.15
BAJAJHLDNG,Mar 2016,14.81,,,,,,,14.81
BAJAJHLDNG,Mar 2017,13.88,,,,,,,13.88
BAJAJHLDNG,Mar 2018,10.54,4.5,NORMAL,7.42,NORMAL,7.43,NORMAL,7.47
BAJAJHLDNG,Mar 2019,11.31,0.38,NORMAL,8.92,NORMAL,8.89,NORMAL,7.38
BAJAJHLDNG,Mar 2020,11.09,-3.65,NORMAL,8.71,NORMAL,8.13,NORMAL,6.07
BAJAJHLDNG,Mar 2021,9.83,-0.56,NORMAL,10.04,NORMAL,9.96,NORMAL,7.32
BAJAJHLDNG,Mar 2022,9.629999999999999,-10.48,NORMAL,10.78,NORMAL,10.4,NORMAL,5.08
BAJAJHLDNG,Mar 2023,11.19,4.44,NORMAL,13.25,NORMAL,12.78,NORMAL,10.42
BAJAJHLDNG,Mar 2024,13.58,31.61,NORMAL,19.3,NORMAL,18.97,NORMAL,20.86
BAJFINANCE,Mar 2015,18.71,,,,,,,18.71
BAJFINANCE,Mar 2016,17.22,,,,,,,17.22
BAJFINANCE,Mar 2017,19.13,,,,,,,19.13
BAJFINANCE,Mar 2018,15.75,,,,,,,15.75
BAJFINANCE,Mar 2019,20.28,,,,,,,20.28
BAJFINANCE,Mar 2020,16.28,37.37,NORMAL,42.43,NORMAL,37.04,NORMAL,33.28
BAJFINANCE,Mar 2021,11.97,29.59,NORMAL,28.15,NORMAL,24.92,NORMAL,23.66
BAJFINANCE,Mar 2022,16.08,25.98,NORMAL,30.8,NORMAL,28.58,NORMAL,25.36
BAJFINANCE,Mar 2023,21.17,26.58,NORMAL,35.75,NORMAL,34.6,NORMAL,29.52
BAJFINANCE,Mar 2024,18.84,24.35,NORMAL,29.32,NORMAL,27.56,NORMAL,25.02
BANKBARODA,Mar 2013,14.51,,,,,,,14.51
BANKBARODA,Mar 2014,13.31,,,,,,,13.31
BANKBARODA,Mar 2015,9.4,,,,,,,9.4
BANKBARODA,Mar 2016,-11.84,,,,,,,-11.84
BANKBARODA,Mar 2017,4.31,,,,,,,4.31
BANKBARODA,Mar 2018,-3.94,4.79,NORMAL,,DECLINE_TO_LOSS,,DECLINE_TO_LOSS,0.43
BANKBARODA,Mar 2019,2.12,5.51,NORMAL,-25.37,NORMAL,-29.52,NORMAL,-11.82
BANKBARODA,Mar 2020,1.29,11.93,NORMAL,-24.31,NORMAL,-35.56,NORMAL,-11.66
BANKBARODA,Mar 2021,1.97,10.16,NORMAL,,TURNAROUND,,TURNAROUND,6.06
BANKBARODA,Mar 2022,8.64,10.54,NORMAL,33.73,NORMAL,13.4,NORMAL,16.58
BANKBARODA,Mar 2023,14.28,15.46,NORMAL,,TURNAROUND,,TURNAROUND,14.87
BANKBARODA,Mar 2024,15.76,17.48,NORMAL,74.51,NORMAL,55.18,NORMAL,40.73
BHARTIARTL,Mar 2013,4.5,,,,,,,4.5
BHARTIARTL,Mar 2014,5.050000000000001,,,,,,,5.05
BHARTIARTL,Mar 2015,12.69,,,,,,,12.69
BHARTIARTL,Mar 2016,10.32,,,,,,,10.32
BHARTIARTL,Mar 2017,6.29,,,,,,,6.29
BHARTIARTL,Mar 2018,3.14,1.44,NORMAL,-0.74,NORMAL,-12.94,NORMAL,-2.28
BHARTIARTL,Mar 2019,2.36,-1.21,NORMAL,-10.98,NORMAL,-27.52,NORMAL,-9.34
BHARTIARTL,Mar 2020,-39.75,-1.85,NORMAL,,DECLINE_TO_LOSS,,DECLINE_TO_LOSS,-20.8
BHARTIARTL,Mar 2021,-20.97,0.83,NORMAL,,DECLINE_TO_LOSS,,DECLINE_TO_LOSS,-10.07
BHARTIARTL,Mar 2022,12.48,4.07,NORMAL,14.39,NORMAL,0.0,NORMAL,7.74
BHARTIARTL,Mar 2023,15.84,10.98,NORMAL,41.27,NORMAL,49.63,NORMAL,29.43
BHARTIARTL,Mar 2024,10.36,13.17,NORMAL,38.36,NORMAL,67.03,NORMAL,32.23
BEL,Mar 2013,15183.33,,,,,,,15183.33
BEL,Mar 2014,13600.0,,,,,,,13600.0
BEL,Mar 2015,17100.0,,,,,,,17100.0
BEL,Mar 2016,11141.67,,,,,,,11141.67
BEL,Mar 2017,10153.33,,,,,,,10153.33
BEL,Mar 2018,4616.13,10.64,NORMAL,9.45,NORMAL,14.87,NORMAL,1162.77
BEL,Mar 2019,3851.02,13.29,NORMAL,14.66,NORMAL,24.57,NORMAL,975.88
BEL,Mar 2020,3318.18,12.83,NORMAL,8.8,NORMAL,8.45,NORMAL,837.06
BEL,Mar 2021,3559.32,13.92,NORMAL,9.45,NORMAL,8.45,NORMAL,897.78
BEL,Mar 2022,3478.26,12.17,NORMAL,9.52,NORMAL,8.45,NORMAL,877.1
BEL,Mar 2023,3981.33,11.26,NORMAL,15.85,NORMAL,14.87,NORMAL,1005.83
BEL,Mar 2024,4744.05,10.75,NORMAL,16.13,NORMAL,10.76,NORMAL,1195.42
BHEL,Mar 2013,21.91,,,,,,,21.91
BHEL,Mar 2014,10.56,,,,,,,10.56
BHEL,Mar 2015,4.24,,,,,,,4.24
BHEL,Mar 2016,-2.18,,,,,,,-2.18
BHEL,Mar 2017,1.4,,,,,,,1.4
BHEL,Mar 2018,1.35,-10.03,NORMAL,-42.03,NORMAL,-43.9,NORMAL,-23.65
BHEL,Mar 2019,3.24,-5.11,NORMAL,-22.14,NORMAL,-21.4,NORMAL,-11.35
BHEL,Mar 2020,-5.12,-7.28,NORMAL,,DECLINE_TO_LOSS,,DECLINE_TO_LOSS,-6.2
BHEL,Mar 2021,-10.39,-7.46,NORMAL,,BOTH_NEGATIVE,,BOTH_NEGATIVE,-8.93
BHEL,Mar 2022,1.68,-5.71,NORMAL,-0.44,NORMAL,0.0,NORMAL,-1.12
BHEL,Mar 2023,2.68,-4.11,NORMAL,8.35,NORMAL,14.87,NORMAL,5.45
BHEL,Mar 2024,1.15,-4.73,NORMAL,-22.4,NORMAL,-19.73,NORMAL,-11.43
BOSCHLTD,Dec 2012,17.19,,,,,,,17.19
BOSCHLTD,Dec 2013,14.06,,,,,,,14.06
BOSCHLTD,Mar 2015,18.21,,,,,,,18.21
BOSCHLTD,Mar 2016,16.06,,,,,,,16.06
BOSCHLTD,Mar 2017,19.79,,,,,,,19.79
BOSCHLTD,Mar 2018,13.74,6.19,NORMAL,7.43,NORMAL,8.04,NORMAL,8.85
BOSCHLTD,Mar 2019,17.51,6.65,NORMAL,12.55,NORMAL,13.96,NORMAL,12.67
BOSCHLTD,Mar 2020,7.01,-4.02,NORMAL,-13.45,NORMAL,-12.38,NORMAL,-5.71
BOSCHLTD,Mar 2021,4.91,0.04,NORMAL,-20.64,NORMAL,-19.59,NORMAL,-8.82
BOSCHLTD,Mar 2022,11.39,2.46,NORMAL,-6.91,NORMAL,-6.24,NORMAL,0.18
BOSCHLTD,Mar 2023,12.93,5.01,NORMAL,0.76,NORMAL,1.47,NORMAL,5.04
BOSCHLTD,Mar 2024,20.64,6.72,NORMAL,9.28,NORMAL,9.26,NORMAL,11.48
BPCL,Mar 2013,11.54,,,,,,,11.54
BPCL,Mar 2014,20.85,,,,,,,20.85
BPCL,Mar 2015,22.52,,,,,,,22.52
BPCL,Mar 2016,29.1,,,,,,,29.1
BPCL,Mar 2017,30.85,,,,,,,30.85
BPCL,Mar 2018,26.74,-0.52,NORMAL,38.29,NORMAL,39.33,NORMAL,25.96
BPCL,Mar 2019,22.0,2.44,NORMAL,16.04,NORMAL,14.87,NORMAL,13.84
BPCL,Mar 2020,10.04,3.24,NORMAL,-6.32,NORMAL,-8.64,NORMAL,-0.42
BPCL,Mar 2021,32.34,4.15,NORMAL,16.45,NORMAL,14.26,NORMAL,16.8
BPCL,Mar 2022,22.51,11.5,NORMAL,4.21,NORMAL,6.19,NORMAL,11.1
BPCL,Mar 2023,3.98,14.94,NORMAL,-26.29,NORMAL,-24.95,NORMAL,-8.08
BPCL,Mar 2024,35.51000000000001,8.48,NORMAL,25.79,NORMAL,28.06,NORMAL,24.46
BRITANNIA,Mar 2013,46.59,,,,,,,46.59
BRITANNIA,Mar 2014,49.5,,,,,,,49.5
BRITANNIA,Mar 2015,55.34,,,,,,,55.34
BRITANNIA,Mar 2016,39.44,,,,,,,39.44
BRITANNIA,Mar 2017,32.83,,,,,,,32.83
BRITANNIA,Mar 2018,29.48,9.9,NORMAL,31.02,NORMAL,30.73,NORMAL,25.28
BRITANNIA,Mar 2019,27.16,9.84,NORMAL,23.94,NORMAL,24.57,NORMAL,21.38
BRITANNIA,Mar 2020,31.66,8.1,NORMAL,15.14,NORMAL,14.87,NORMAL,17.44
BRITANNIA,Mar 2021,52.17,9.36,NORMAL,17.54,NORMAL,17.76,NORMAL,24.21
BRITANNIA,Mar 2022,59.27,9.32,NORMAL,11.37,NORMAL,11.23,NORMAL,22.8
BRITANNIA,Mar 2023,65.53,10.46,NORMAL,18.2,NORMAL,17.98,NORMAL,28.04
BRITANNIA,Mar 2024,54.15,8.69,NORMAL,13.06,NORMAL,13.14,NORMAL,22.26
CANBK,Mar 2013,11.9,,,,,,,11.9
CANBK,Mar 2014,8.85,,,,,,,8.85
CANBK,Mar 2015,9.02,,,,,,,9.02
CANBK,Mar 2016,-7.82,,,,,,,-7.82
CANBK,Mar 2017,4.07,,,,,,,4.07
CANBK,Mar 2018,-10.5,3.95,NORMAL,,DECLINE_TO_LOSS,,DECLINE_TO_LOSS,-3.28
CANBK,Mar 2019,1.85,3.92,NORMAL,-23.59,NORMAL,-27.52,NORMAL,-11.34
CANBK,Mar 2020,-4.66,2.58,NORMAL,,DECLINE_TO_LOSS,,DECLINE_TO_LOSS,-1.04
CANBK,Mar 2021,4.74,9.79,NORMAL,,TURNAROUND,,TURNAROUND,7.26
CANBK,Mar 2022,8.799999999999999,11.24,NORMAL,34.27,NORMAL,6.96,NORMAL,15.32
CANBK,Mar 2023,14.53,15.74,NORMAL,,TURNAROUND,,TURNAROUND,15.14
CANBK,Mar 2024,16.72,18.18,NORMAL,85.78,NORMAL,53.42,NORMAL,43.53
CHOLAFIN,Mar 2013,15.78,,,,,,,15.78
CHOLAFIN,Mar 2014,16.09,,,,,,,16.09
CHOLAFIN,Mar 2015,16.6,,,,,,,16.6
CHOLAFIN,Mar 2016,15.67,,,,,,,15.67
CHOLAFIN,Mar 2017,16.71,,,,,,,16.71
CHOLAFIN,Mar 2018,17.91,16.68,NORMAL,24.41,NORMAL,24.57,NORMAL,20.89
CHOLAFIN,Mar 2019,19.28,16.74,NORMAL,26.6,NORMAL,24.57,NORMAL,21.8
CHOLAFIN,Mar 2020,12.85,18.59,NORMAL,18.88,NORMAL,16.72,NORMAL,16.76
CHOLAFIN,Mar 2021,15.84,17.86,NORMAL,21.48,NORMAL,22.1,NORMAL,19.32
CHOLAFIN,Mar 2022,18.3,16.67,NORMAL,24.57,NORMAL,23.64,NORMAL,20.8
CHOLAFIN,Mar 2023,18.58,18.31,NORMAL,23.76,NORMAL,21.67,NORMAL,20.58
CHOLAFIN,Mar 2024,17.46,21.94,NORMAL,23.36,NORMAL,22.28,NORMAL,21.26
CIPLA,Mar 2013,17.13,,,,,,,17.13
CIPLA,Mar 2014,13.97,,,,,,,13.97
CIPLA,Mar 2015,11.38,,,,,,,11.38
CIPLA,Mar 2016,12.01,,,,,,,12.01
CIPLA,Mar 2017,8.25,,,,,,,8.25
CIPLA,Mar 2018,9.959999999999999,12.86,NORMAL,-1.71,NORMAL,-1.08,NORMAL,5.01
CIPLA,Mar 2019,9.94,9.97,NORMAL,1.22,NORMAL,2.25,NORMAL,5.84
CIPLA,Mar 2020,9.520000000000001,8.59,NORMAL,4.07,NORMAL,4.84,NORMAL,6.76
CIPLA,Mar 2021,13.04,6.8,NORMAL,11.55,NORMAL,12.03,NORMAL,10.86
CIPLA,Mar 2022,12.22,8.62,NORMAL,19.73,NORMAL,18.98,NORMAL,14.89
CIPLA,Mar 2023,12.1,8.47,NORMAL,14.86,NORMAL,14.22,NORMAL,12.41
CIPLA,Mar 2024,15.55,9.51,NORMAL,22.73,NORMAL,21.83,NORMAL,17.4
COALINDIA,Mar 2013,35.81,,,,,,,35.81
COALINDIA,Mar 2014,35.64,,,,,,,35.64
COALINDIA,Mar 2015,34.02,,,,,,,34.02
COALINDIA,Mar 2016,40.96,,,,,,,40.96
COALINDIA,Mar 2017,37.85,,,,,,,37.85
COALINDIA,Mar 2018,34.88,4.53,NORMAL,-16.52,NORMAL,-16.44,NORMAL,1.61
COALINDIA,Mar 2019,66.01,7.12,NORMAL,2.94,NORMAL,3.13,NORMAL,19.8
COALINDIA,Mar 2020,51.93,5.33,NORMAL,4.0,NORMAL,4.18,NORMAL,16.36
COALINDIA,Mar 2021,34.78,2.95,NORMAL,-2.3,NORMAL,-1.8,NORMAL,8.41
COALINDIA,Mar 2022,40.28,7.02,NORMAL,13.37,NORMAL,13.3,NORMAL,18.49
COALINDIA,Mar 2023,52.14,10.15,NORMAL,35.14,NORMAL,36.43,NORMAL,33.47
COALINDIA,Mar 2024,45.17,7.4,NORMAL,16.43,NORMAL,16.85,NORMAL,21.46
DABUR,Mar 2013,36.56,,,,,,,36.56
DABUR,Mar 2014,34.48999999999999,,,,,,,34.49
DABUR,Mar 2015,31.84,,,,,,,31.84
DABUR,Mar 2016,30.06,,,,,,,30.06
DABUR,Mar 2017,26.41,,,,,,,26.41
DABUR,Mar 2018,23.8,4.69,NORMAL,12.13,NORMAL,14.87,NORMAL,13.87
DABUR,Mar 2019,25.67,3.82,NORMAL,9.56,NORMAL,9.86,NORMAL,12.23
DABUR,Mar 2020,21.92,2.19,NORMAL,6.28,NORMAL,5.92,NORMAL,9.08
DABUR,Mar 2021,22.12,4.21,NORMAL,6.21,NORMAL,7.39,NORMAL,9.98
DABUR,Mar 2022,20.78,7.42,NORMAL,6.36,NORMAL,7.39,NORMAL,10.49
DABUR,Mar 2023,18.96,8.35,NORMAL,4.61,NORMAL,4.56,NORMAL,9.12
DABUR,Mar 2024,18.36,7.81,NORMAL,4.6,NORMAL,4.56,NORMAL,8.83
DIVISLAB,Mar 2013,24.07,,,,,,,24.07
DIVISLAB,Mar 2014,26.08,,,,,,,26.08
DIVISLAB,Mar 2015,24.37,,,,,,,24.37
DIVISLAB,Mar 2016,26.23,,,,,,,26.23
DIVISLAB,Mar 2017,19.79,,,,,,,19.79
DIVISLAB,Mar 2018,14.8,12.65,NORMAL,7.82,NORMAL,7.49,NORMAL,10.69
DIVISLAB,Mar 2019,19.45,14.33,NORMAL,11.85,NORMAL,11.95,NORMAL,14.4
DIVISLAB,Mar 2020,18.84,11.61,NORMAL,10.08,NORMAL,10.2,NORMAL,12.68
DIVISLAB,Mar 2021,21.34,13.04,NORMAL,12.0,NORMAL,12.3,NORMAL,14.67
DIVISLAB,Mar 2022,25.24,17.13,NORMAL,22.8,NORMAL,22.87,NORMAL,22.01
DIVISLAB,Mar 2023,14.29,14.83,NORMAL,15.77,NORMAL,15.9,NORMAL,15.2
DIVISLAB,Mar 2024,11.79,9.66,NORMAL,3.41,NORMAL,3.3,NORMAL,7.04
DLF,Mar 2013,2.59,,,,,,,2.59
DLF,Mar 2014,2.15,,,,,,,2.15
DLF,Mar 2015,1.85,,,,,,,1.85
DLF,Mar 2016,1.27,,,,,,,1.27
DLF,Mar 2017,2.88,,,,,,,2.88
DLF,Mar 2018,12.68,-2.91,NORMAL,46.34,NORMAL,44.27,NORMAL,25.1
DLF,Mar 2019,3.91,0.16,NORMAL,17.37,NORMAL,8.45,NORMAL,7.47
DLF,Mar 2020,-1.71,-4.48,NORMAL,,DECLINE_TO_LOSS,,DECLINE_TO_LOSS,-3.1
DLF,Mar 2021,3.06,-11.42,NORMAL,28.84,NORMAL,14.87,NORMAL,8.84
DLF,Mar 2022,4.130000000000001,-7.01,NORMAL,16.2,NORMAL,8.45,NORMAL,5.44
DLF,Mar 2023,5.4,-3.22,NORMAL,-14.6,NORMAL,-20.38,NORMAL,-8.2
DLF,Mar 2024,6.909999999999999,-5.14,NORMAL,15.7,NORMAL,12.89,NORMAL,7.59
DMART,Mar 2013,11.91,,,,,,,11.91
DMART,Mar 2014,16.84,,,,,,,16.84
DMART,Mar 2015,17.67,,,,,,,17.67
DMART,Mar 2016,21.04,,,,,,,21.04
DMART,Mar 2017,12.47,,,,,,,12.47
DMART,Mar 2018,17.26,35.09,NORMAL,53.69,NORMAL,45.41,NORMAL,37.86
DMART,Mar 2019,16.14,33.68,NORMAL,41.15,NORMAL,36.08,NORMAL,31.76
DMART,Mar 2020,11.74,31.03,NORMAL,43.74,NORMAL,37.97,NORMAL,31.12
DMART,Mar 2021,9.02,22.98,NORMAL,27.99,NORMAL,23.16,NORMAL,20.79
DMART,Mar 2022,10.91,21.09,NORMAL,25.51,NORMAL,23.52,NORMAL,20.26
DMART,Mar 2023,14.79,23.3,NORMAL,24.16,NORMAL,23.27,NORMAL,21.38
DMART,Mar 2024,13.56,20.48,NORMAL,22.97,NORMAL,22.74,NORMAL,19.94
DRREDDY,Mar 2013,23.98,,,,,,,23.98
DRREDDY,Mar 2014,24.96,,,,,,,24.96
DRREDDY,Mar 2015,23.71,,,,,,,23.71
DRREDDY,Mar 2016,16.95,,,,,,,16.95
DRREDDY,Mar 2017,10.54,,,,,,,10.54
DRREDDY,Mar 2018,7.53,3.83,NORMAL,-9.11,NORMAL,-9.38,NORMAL,-1.78
DRREDDY,Mar 2019,13.9,2.86,NORMAL,-0.13,NORMAL,0.0,NORMAL,4.16
DRREDDY,Mar 2020,12.99,3.12,NORMAL,-2.81,NORMAL,-2.33,NORMAL,2.74
DRREDDY,Mar 2021,11.07,4.12,NORMAL,-1.74,NORMAL,-1.65,NORMAL,2.95
DRREDDY,Mar 2022,11.36,8.7,NORMAL,11.05,NORMAL,10.2,NORMAL,10.33
DRREDDY,Mar 2023,19.35,11.55,NORMAL,36.62,NORMAL,37.47,NORMAL,26.25
DRREDDY,Mar 2024,19.74,12.64,NORMAL,23.39,NORMAL,23.84,NORMAL,19.9
EICHERMOT,Dec 2012,27.07,,,,,,,27.07
EICHERMOT,Dec 2013,25.55,,,,,,,25.55
EICHERMOT,Dec 2014,27.9,,,,,,,27.9
EICHERMOT,Mar 2016,36.63,,,,,,,36.63
EICHERMOT,Mar 2017,31.19,,,,,,,31.19
EICHERMOT,Mar 2018,27.88,7.01,NORMAL,32.77,NORMAL,43.1,NORMAL,27.69
EICHERMOT,Mar 2019,24.7,7.54,NORMAL,33.22,NORMAL,40.11,NORMAL,26.39
EICHERMOT,Mar 2020,18.3,0.93,NORMAL,21.08,NORMAL,23.84,NORMAL,16.04
EICHERMOT,Mar 2021,11.78,7.15,NORMAL,0.13,NORMAL,0.0,NORMAL,4.76
EICHERMOT,Mar 2022,13.3,7.93,NORMAL,0.12,NORMAL,0.0,NORMAL,5.34
EICHERMOT,Mar 2023,19.44,10.01,NORMAL,8.25,NORMAL,8.25,NORMAL,11.49
EICHERMOT,Mar 2024,22.17,11.04,NORMAL,12.68,NORMAL,12.51,NORMAL,14.6
GAIL,Mar 2013,15.17,,,,,,,15.17
GAIL,Mar 2014,14.75,,,,,,,14.75
GAIL,Mar 2015,9.29,,,,,,,9.29
GAIL,Mar 2016,5.149999999999999,,,,,,,5.15
GAIL,Mar 2017,8.58,,,,,,,8.58
GAIL,Mar 2018,11.53,1.35,NORMAL,1.93,NORMAL,3.13,NORMAL,4.48
GAIL,Mar 2019,14.24,4.29,NORMAL,6.49,NORMAL,7.39,NORMAL,8.1
GAIL,Mar 2020,19.31,3.67,NORMAL,24.66,NORMAL,22.87,NORMAL,17.63
GAIL,Mar 2021,11.55,1.96,NORMAL,26.8,NORMAL,24.57,NORMAL,16.22
GAIL,Mar 2022,19.19,13.83,NORMAL,29.53,NORMAL,29.2,NORMAL,22.94
GAIL,Mar 2023,8.62,21.73,NORMAL,3.09,NORMAL,5.15,NORMAL,9.65
GAIL,Mar 2024,12.86,11.83,NORMAL,8.61,NORMAL,8.45,NORMAL,10.44
GODREJCP,Mar 2013,25.51,,,,,,,25.51
GODREJCP,Mar 2014,21.7,,,,,,,21.7
GODREJCP,Mar 2015,22.64,,,,,,,22.64
GODREJCP,Mar 2016,19.48,,,,,,,19.48
GODREJCP,Mar 2017,24.67,,,,,,,24.67
GODREJCP,Mar 2018,26.11,8.96,NORMAL,14.1,NORMAL,14.87,NORMAL,16.01
GODREJCP,Mar 2019,32.23,6.3,NORMAL,23.38,NORMAL,26.86,NORMAL,22.19
GODREJCP,Mar 2020,18.95,3.68,NORMAL,8.93,NORMAL,10.76,NORMAL,10.58
GODREJCP,Mar 2021,18.23,5.54,NORMAL,15.67,NORMAL,16.27,NORMAL,13.93
GODREJCP,Mar 2022,15.43,5.78,NORMAL,6.39,NORMAL,5.51,NORMAL,8.28
GODREJCP,Mar 2023,12.34,6.22,NORMAL,0.82,NORMAL,1.22,NORMAL,5.15
GODREJCP,Mar 2024,-4.45,6.45,NORMAL,,DECLINE_TO_LOSS,,DECLINE_TO_LOSS,1.0
GRASIM,Mar 2013,19.22,,,,,,,19.22
GRASIM,Mar 2014,13.67,,,,,,,13.67
GRASIM,Mar 2015,11.16,,,,,,,11.16
GRASIM,Mar 2016,12.6,,,,,,,12.6
GRASIM,Mar 2017,13.53,,,,,,,13.53
GRASIM,Mar 2018,6.43,14.9,NORMAL,-0.48,NORMAL,-7.31,NORMAL,3.38
GRASIM,Mar 2019,4.73,22.2,NORMAL,-1.46,NORMAL,-10.69,NORMAL,3.7
GRASIM,Mar 2020,11.72,16.55,NORMAL,20.79,NORMAL,11.93,NORMAL,15.25
GRASIM,Mar 2021,10.67,17.24,NORMAL,15.12,NORMAL,4.32,NORMAL,11.84
GRASIM,Mar 2022,14.8,21.55,NORMAL,21.42,NORMAL,10.96,NORMAL,17.18
GRASIM,Mar 2023,14.07,16.05,NORMAL,24.6,NORMAL,20.72,NORMAL,18.86
GRASIM,Mar 2024,11.2,11.15,NORMAL,29.31,NORMAL,27.73,NORMAL,19.85
HAL,Mar 2017,1966.92,,,,,,,1966.92
HAL,Mar 2018,1528.46,5.27,NORMAL,-7.89,NORMAL,-24.71,NORMAL,375.28
HAL,Mar 2019,1763.91,5.74,NORMAL,-2.72,NORMAL,4.56,NORMAL,442.87
HAL,Mar 2020,2059.42,6.39,NORMAL,3.54,NORMAL,10.93,NORMAL,520.07
HAL,Mar 2021,2249.31,6.43,NORMAL,10.14,NORMAL,11.38,NORMAL,569.31
HAL,Mar 2022,3324.18,6.52,NORMAL,14.22,NORMAL,16.12,NORMAL,840.26
HAL,Mar 2023,3283.05,7.77,NORMAL,23.94,NORMAL,23.73,NORMAL,834.62
HAL,Mar 2024,3816.58,8.71,NORMAL,26.49,NORMAL,26.64,NORMAL,969.6
HAVELLS,Mar 2013,40.29,,,,,,,40.29
HAVELLS,Mar 2014,26.77,,,,,,,26.77
HAVELLS,Mar 2015,21.18,,,,,,,21.18
HAVELLS,Mar 2016,42.95,,,,,,,42.95
HAVELLS,Mar 2017,15.08,,,,,,,15.08
HAVELLS,Mar 2018,17.72,2.61,NORMAL,2.61,NORMAL,4.1,NORMAL,6.76
HAVELLS,Mar 2019,18.77,4.58,NORMAL,12.06,NORMAL,13.18,NORMAL,12.15
HAVELLS,Mar 2020,17.05,2.2,NORMAL,13.81,NORMAL,14.87,NORMAL,11.98
HAVELLS,Mar 2021,20.17,6.61,NORMAL,-4.29,NORMAL,-4.14,NORMAL,4.59
HAVELLS,Mar 2022,19.92,17.85,NORMAL,19.34,NORMAL,18.89,NORMAL,19.0
HAVELLS,Mar 2023,16.18,15.82,NORMAL,10.15,NORMAL,9.1,NORMAL,12.81
HAVELLS,Mar 2024,17.07,13.04,NORMAL,10.03,NORMAL,9.0,NORMAL,12.28
HCLTECH,Jun 2013,30.69,,,,,,,30.69
HCLTECH,Jun 2014,33.39,,,,,,,33.39
HCLTECH,Jun 2015,30.31,,,,,,,30.31
HCLTECH,Mar 2017,26.12,,,,,,,26.12
HCLTECH,Mar 2018,23.97,14.6,NORMAL,16.64,NORMAL,17.23,NORMAL,18.11
HCLTECH,Mar 2019,24.46,13.46,NORMAL,9.16,NORMAL,9.98,NORMAL,14.26
HCLTECH,Mar 2020,21.57,14.0,NORMAL,8.53,NORMAL,9.54,NORMAL,13.41
HCLTECH,Mar 2021,18.64,19.34,NORMAL,14.8,NORMAL,15.44,NORMAL,17.06
HCLTECH,Mar 2022,21.84,12.48,NORMAL,9.46,NORMAL,10.76,NORMAL,13.64
HCLTECH,Mar 2023,22.7,14.94,NORMAL,11.22,NORMAL,12.15,NORMAL,15.25
HCLTECH,Mar 2024,23.01,12.71,NORMAL,9.19,NORMAL,9.41,NORMAL,13.58
HDFCBANK,Mar 2013,18.84,,,,,,,18.84
HDFCBANK,Mar 2014,19.85,,,,,,,19.85
HDFCBANK,Mar 2015,16.95,,,,,,,16.95
HDFCBANK,Mar 2016,17.25,,,,,,,17.25
HDFCBANK,Mar 2017,16.69,,,,,,,16.69
HDFCBANK,Mar 2018,16.94,18.92,NORMAL,21.87,NORMAL,20.79,NORMAL,19.63
HDFCBANK,Mar 2019,14.61,19.83,NORMAL,20.68,NORMAL,17.9,NORMAL,18.26
HDFCBANK,Mar 2020,15.48,19.25,NORMAL,20.59,NORMAL,18.95,NORMAL,18.57
HDFCBANK,Mar 2021,15.18,15.27,NORMAL,19.97,NORMAL,18.33,NORMAL,17.19
HDFCBANK,Mar 2022,15.43,13.16,NORMAL,20.02,NORMAL,18.13,NORMAL,16.68
HDFCBANK,Mar 2023,15.94,14.89,NORMAL,19.98,NORMAL,17.9,NORMAL,17.18
HDFCBANK,Mar 2024,14.34,21.95,NORMAL,23.87,NORMAL,15.42,NORMAL,18.9
HDFCLIFE,Mar 2013,33.43,,,,,,,33.43
HDFCLIFE,Mar 2014,37.6,,,,,,,37.6
HDFCLIFE,Mar 2015,30.93,,,,,,,30.93
HDFCLIFE,Mar 2016,26.33,,,,,,,26.33
HDFCLIFE,Mar 2017,23.18,,,,,,,23.18
HDFCLIFE,Mar 2018,23.53,18.07,NORMAL,19.89,NORMAL,24.57,NORMAL,21.52
HDFCLIFE,Mar 2019,22.65,17.75,NORMAL,12.01,NORMAL,8.45,NORMAL,15.22
HDFCLIFE,Mar 2020,19.05,1.54,NORMAL,10.54,NORMAL,8.45,NORMAL,9.9
HDFCLIFE,Mar 2021,15.75,31.57,NORMAL,10.75,NORMAL,11.84,NORMAL,17.48
HDFCLIFE,Mar 2022,8.5,16.98,NORMAL,8.39,NORMAL,8.45,NORMAL,10.58
HDFCLIFE,Mar 2023,10.53,16.83,NORMAL,4.32,NORMAL,0.0,NORMAL,7.92
HDFCLIFE,Mar 2024,10.73,21.17,NORMAL,4.25,NORMAL,3.13,NORMAL,9.82
HEROMOTOCO,Mar 2014,37.38,,,,,,,37.38
HEROMOTOCO,Mar 2015,36.15,,,,,,,36.15
HEROMOTOCO,Mar 2016,35.23,,,,,,,35.23
HEROMOTOCO,Mar 2017,34.37,,,,,,,34.37
HEROMOTOCO,Mar 2018,31.09,,,,,,,31.09
HEROMOTOCO,Mar 2019,26.42,6.09,NORMAL,10.52,NORMAL,10.37,NORMAL,13.35
HEROMOTOCO,Mar 2020,25.4,1.22,NORMAL,9.13,NORMAL,9.05,NORMAL,11.2
HEROMOTOCO,Mar 2021,19.05,1.7,NORMAL,-1.16,NORMAL,-1.44,NORMAL,4.54
HEROMOTOCO,Mar 2022,14.7,0.65,NORMAL,-8.06,NORMAL,-8.31,NORMAL,-0.26
HEROMOTOCO,Mar 2023,16.81,1.03,NORMAL,-5.53,NORMAL,-5.39,NORMAL,1.73
HEROMOTOCO,Mar 2024,21.14,2.15,NORMAL,1.54,NORMAL,1.69,NORMAL,6.63
HINDALCO,Mar 2013,8.51,,,,,,,8.51
HINDALCO,Mar 2014,5.41,,,,,,,5.41
HINDALCO,Mar 2015,0.6799999999999999,,,,,,,0.68
HINDALCO,Mar 2016,-1.73,,,,,,,-1.73
HINDALCO,Mar 2017,4.09,,,,,,,4.09
HINDALCO,Mar 2018,11.09,7.51,NORMAL,15.13,NORMAL,11.03,NORMAL,11.19
HINDALCO,Mar 2019,9.56,8.28,NORMAL,20.15,NORMAL,16.89,NORMAL,13.72
HINDALCO,Mar 2020,6.460000000000001,2.53,NORMAL,70.82,NORMAL,33.56,NORMAL,28.34
HINDALCO,Mar 2021,5.23,5.98,NORMAL,,TURNAROUND,,TURNAROUND,5.6
HINDALCO,Mar 2022,17.56,14.25,NORMAL,48.8,NORMAL,50.12,NORMAL,32.68
HINDALCO,Mar 2023,10.65,14.15,NORMAL,10.67,NORMAL,10.76,NORMAL,11.56
HINDALCO,Mar 2024,9.569999999999999,10.59,NORMAL,13.07,NORMAL,13.4,NORMAL,11.66
HINDUNILVR,Mar 2013,134.0,,,,,,,134.0
HINDUNILVR,Mar 2014,111.85,,,,,,,111.85
HINDUNILVR,Mar 2015,108.67,,,,,,,108.67
HINDUNILVR,Mar 2016,63.14999999999999,,,,,,,63.15
HINDUNILVR,Mar 2017,66.58,,,,,,,66.58
HINDUNILVR,Mar 2018,71.78999999999999,5.65,NORMAL,6.37,NORMAL,5.92,NORMAL,22.43
HINDUNILVR,Mar 2019,77.03,6.1,NORMAL,8.9,NORMAL,9.24,NORMAL,25.32
HINDUNILVR,Mar 2020,82.1,4.47,NORMAL,9.07,NORMAL,9.16,NORMAL,26.2
HINDUNILVR,Mar 2021,16.78,7.88,NORMAL,14.02,NORMAL,12.34,NORMAL,12.76
HINDUNILVR,Mar 2022,18.12,9.6,NORMAL,14.64,NORMAL,12.59,NORMAL,13.74
HINDUNILVR,Mar 2023,20.16,11.25,NORMAL,14.18,NORMAL,12.37,NORMAL,14.49
HINDUNILVR,Mar 2024,20.07,9.5,NORMAL,11.15,NORMAL,9.46,NORMAL,12.54
ICICIBANK,Mar 2013,14.73,,,,,,,14.73
ICICIBANK,Mar 2014,15.28,,,,,,,15.28
ICICIBANK,Mar 2015,15.28,,,,,,,15.28
ICICIBANK,Mar 2016,11.61,,,,,,,11.61
ICICIBANK,Mar 2017,10.84,,,,,,,10.84
ICICIBANK,Mar 2018,8.23,6.73,NORMAL,-2.12,NORMAL,-4.36,NORMAL,2.12
ICICIBANK,Mar 2019,4.98,7.79,NORMAL,-13.4,NORMAL,-16.26,NORMAL,-4.22
ICICIBANK,Mar 2020,9.13,9.07,NORMAL,-2.81,NORMAL,-4.62,NORMAL,2.69
ICICIBANK,Mar 2021,12.92,8.5,NORMAL,13.26,NORMAL,11.03,NORMAL,11.43
ICICIBANK,Mar 2022,14.58,9.38,NORMAL,18.54,NORMAL,17.61,NORMAL,15.03
ICICIBANK,Mar 2023,16.53,14.26,NORMAL,31.26,NORMAL,32.5,NORMAL,23.64
ICICIBANK,Mar 2024,17.99,17.25,NORMAL,51.95,NORMAL,55.18,NORMAL,35.59
ICICIGI,Mar 2013,18.88,,,,,,,18.88
ICICIGI,Mar 2014,21.72,,,,,,,21.72
ICICIGI,Mar 2015,20.27,,,,,,,20.27
ICICIGI,Mar 2016,15.66,,,,,,,15.66
ICICIGI,Mar 2017,18.0,,,,,,,18.0
ICICIGI,Mar 2018,18.98,11.49,NORMAL,19.55,NORMAL,18.89,NORMAL,17.23
ICICIGI,Mar 2019,19.43,20.73,NORMAL,15.07,NORMAL,13.9,NORMAL,17.28
ICICIGI,Mar 2020,19.47,22.16,NORMAL,15.34,NORMAL,14.87,NORMAL,17.96
ICICIGI,Mar 2021,19.38,15.05,NORMAL,23.78,NORMAL,23.81,NORMAL,20.5
ICICIGI,Mar 2022,13.83,16.34,NORMAL,12.61,NORMAL,10.2,NORMAL,13.24
ICICIGI,Mar 2023,16.55,20.93,NORMAL,14.94,NORMAL,13.0,NORMAL,16.36
ICICIGI,Mar 2024,15.72,12.91,NORMAL,12.84,NORMAL,11.14,NORMAL,13.15
ICICIPRULI,Mar 2013,38.25,,,,,,,38.25
ICICIPRULI,Mar 2014,35.61,,,,,,,35.61
ICICIPRULI,Mar 2015,31.15,,,,,,,31.15
ICICIPRULI,Mar 2016,31.0,,,,,,,31.0
ICICIPRULI,Mar 2017,26.26,,,,,,,26.26
ICICIPRULI,Mar 2018,24.63,14.16,NORMAL,1.34,NORMAL,0.0,NORMAL,10.03
ICICIPRULI,Mar 2019,16.58,13.63,NORMAL,-6.11,NORMAL,-6.17,NORMAL,4.48
ICICIPRULI,Mar 2020,14.79,-9.41,NORMAL,-8.24,NORMAL,-8.64,NORMAL,-2.88
ICICIPRULI,Mar 2021,10.5,31.88,NORMAL,-10.34,NORMAL,-10.22,NORMAL,5.45
ICICIPRULI,Mar 2022,8.290000000000001,10.94,NORMAL,-14.71,NORMAL,-16.06,NORMAL,-2.88
ICICIPRULI,Mar 2023,8.06,5.39,NORMAL,-12.87,NORMAL,-11.42,NORMAL,-2.71
ICICIPRULI,Mar 2024,7.73,16.85,NORMAL,-5.66,NORMAL,-5.59,NORMAL,3.33
INDUSINDBK,Mar 2013,13.91,,,,,,,13.91
INDUSINDBK,Mar 2014,15.57,,,,,,,15.57
INDUSINDBK,Mar 2015,16.85,,,,,,,16.85
INDUSINDBK,Mar 2016,12.92,,,,,,,12.92
INDUSINDBK,Mar 2017,13.89,,,,,,,13.89
INDUSINDBK,Mar 2018,15.13,19.87,NORMAL,27.72,NORMAL,24.57,NORMAL,21.82
INDUSINDBK,Mar 2019,12.37,21.95,NORMAL,18.58,NORMAL,15.29,NORMAL,17.05
INDUSINDBK,Mar 2020,12.73,24.32,NORMAL,19.75,NORMAL,13.49,NORMAL,17.57
INDUSINDBK,Mar 2021,6.54,19.56,NORMAL,4.41,NORMAL,-0.53,NORMAL,7.49
INDUSINDBK,Mar 2022,9.67,16.43,NORMAL,9.96,NORMAL,4.56,NORMAL,10.16
INDUSINDBK,Mar 2023,13.53,16.05,NORMAL,15.43,NORMAL,9.63,NORMAL,13.66
INDUSINDBK,Mar 2024,14.25,15.5,NORMAL,22.08,NORMAL,15.9,NORMAL,16.93
INFY,Mar 2013,24.82,,,,,,,24.82
INFY,Mar 2014,23.93,,,,,,,23.93
INFY,Mar 2015,24.39,,,,,,,24.39
INFY,Mar 2016,21.85,,,,,,,21.85
INFY,Mar 2017,20.81,,,,,,,20.81
INFY,Mar 2018,24.69,11.81,NORMAL,11.2,NORMAL,11.99,NORMAL,14.92
INFY,Mar 2019,23.73,10.52,NORMAL,7.66,NORMAL,8.76,NORMAL,12.67
INFY,Mar 2020,25.42,11.23,NORMAL,6.11,NORMAL,7.63,NORMAL,12.6
INFY,Mar 2021,25.44,9.98,NORMAL,7.56,NORMAL,9.18,NORMAL,13.04
INFY,Mar 2022,29.39,12.18,NORMAL,9.06,NORMAL,11.32,NORMAL,15.49
INFY,Mar 2023,31.97,15.79,NORMAL,8.51,NORMAL,9.41,NORMAL,16.42
INFY,Mar 2024,29.79,13.2,NORMAL,11.24,NORMAL,12.47,NORMAL,16.68
IOC,Mar 2013,5.75,,,,,,,5.75
IOC,Mar 2014,10.26,,,,,,,10.26
IOC,Mar 2015,7.08,,,,,,,7.08
IOC,Mar 2016,13.8,,,,,,,13.8
IOC,Mar 2017,19.97,,,,,,,19.97
IOC,Mar 2018,19.87,-1.81,NORMAL,44.22,NORMAL,37.97,NORMAL,25.06
IOC,Mar 2019,15.36,1.58,NORMAL,19.91,NORMAL,19.14,NORMAL,14.0
IOC,Mar 2020,-1.97,1.48,NORMAL,,DECLINE_TO_LOSS,,DECLINE_TO_LOSS,-0.24
IOC,Mar 2021,19.46,1.01,NORMAL,11.88,NORMAL,13.4,NORMAL,11.44
IOC,Mar 2022,19.27,10.65,NORMAL,4.76,NORMAL,5.15,NORMAL,9.96
IOC,Mar 2023,8.38,14.84,NORMAL,-12.35,NORMAL,-14.14,NORMAL,-0.82
IOC,Mar 2024,23.53,8.01,NORMAL,20.1,NORMAL,20.11,NORMAL,17.94
IRCTC,Mar 2015,29.5,,,,,,,29.5
IRCTC,Mar 2016,34.87,,,,,,,34.87
IRCTC,Mar 2017,29.1,,,,,,,29.1
IRCTC,Mar 2018,23.14,,,,,,,23.14
IRCTC,Mar 2019,28.85,,,,,,,28.85
IRCTC,Mar 2020,39.04,16.41,NORMAL,31.39,NORMAL,-14.33,NORMAL,18.13
IRCTC,Mar 2021,12.84,-10.68,NORMAL,-0.21,NORMAL,-36.25,NORMAL,-8.57
IRCTC,Mar 2022,35.29,4.33,NORMAL,23.58,NORMAL,-6.17,NORMAL,14.26
IRCTC,Mar 2023,40.6,19.29,NORMAL,35.41,NORMAL,3.4,NORMAL,24.68
IRCTC,Mar 2024,34.4,17.96,NORMAL,29.17,NORMAL,28.47,NORMAL,27.5
IRFC,Mar 2016,7.37,,,,,,,7.37
IRFC,Mar 2017,7.779999999999999,,,,,,,7.78
IRFC,Mar 2018,14.75,10.8,NORMAL,31.53,NORMAL,-57.72,NORMAL,-0.16
IRFC,Mar 2019,9.01,12.43,NORMAL,26.32,NORMAL,-60.54,NORMAL,-3.2
IRFC,Mar 2020,10.54,14.1,NORMAL,33.31,NORMAL,-57.33,NORMAL,0.16
IRFC,Mar 2021,12.3,16.01,NORMAL,39.07,NORMAL,-56.29,NORMAL,2.77
IRFC,Mar 2022,14.85,17.54,NORMAL,45.5,NORMAL,-48.86,NORMAL,7.26
IRFC,Mar 2023,13.8,20.68,NORMAL,24.58,NORMAL,10.76,NORMAL,17.46
IRFC,Mar 2024,13.04,19.07,NORMAL,23.25,NORMAL,20.11,NORMAL,18.87
ITC,Mar 2013,33.27,,,,,,,33.27
ITC,Mar 2014,33.05,,,,,,,33.05
ITC,Mar 2015,30.81,,,,,,,30.81
ITC,Mar 2016,22.26,,,,,,,22.26
ITC,Mar 2017,22.57,,,,,,,22.57
ITC,Mar 2018,21.89,6.56,NORMAL,8.33,NORMAL,8.45,NORMAL,11.31
ITC,Mar 2019,21.7,6.49,NORMAL,7.36,NORMAL,7.39,NORMAL,10.74
ITC,Mar 2020,23.89,4.93,NORMAL,9.78,NORMAL,8.45,NORMAL,11.76
ITC,Mar 2021,22.18,4.68,NORMAL,7.09,NORMAL,6.58,NORMAL,10.13
ITC,Mar 2022,24.82,7.23,NORMAL,8.15,NORMAL,8.45,NORMAL,12.16
ITC,Mar 2023,28.16,10.3,NORMAL,11.13,NORMAL,10.76,NORMAL,15.09
ITC,Mar 2024,27.85,7.95,NORMAL,10.08,NORMAL,9.86,NORMAL,13.94
JINDALSTEL,Mar 2013,13.89,,,,,,,13.89
JINDALSTEL,Mar 2014,8.39,,,,,,,8.39
JINDALSTEL,Mar 2015,-6.9,,,,,,,-6.9
JINDALSTEL,Mar 2016,-9.520000000000001,,,,,,,-9.52
JINDALSTEL,Mar 2017,-8.450000000000001,,,,,,,-8.45
JINDALSTEL,Mar 2018,-5.319999999999999,10.94,NORMAL,,DECLINE_TO_LOSS,,DECLINE_TO_LOSS,2.81
JINDALSTEL,Mar 2019,-7.52,19.48,NORMAL,,DECLINE_TO_LOSS,,DECLINE_TO_LOSS,5.98
JINDALSTEL,Mar 2020,-1.24,14.34,NORMAL,,BOTH_NEGATIVE,,BOTH_NEGATIVE,6.55
JINDALSTEL,Mar 2021,13.41,12.17,NORMAL,,TURNAROUND,,TURNAROUND,12.79
JINDALSTEL,Mar 2022,18.99,18.82,NORMAL,,TURNAROUND,,TURNAROUND,18.9
JINDALSTEL,Mar 2023,10.27,9.84,NORMAL,,TURNAROUND,,TURNAROUND,10.06
JINDALSTEL,Mar 2024,13.41,1.4,NORMAL,,TURNAROUND,,TURNAROUND,7.4
JIOFIN,Mar 2023,0.03,,,,,,,0.03
JIOFIN,Mar 2024,1.15,,,,,,,1.15
JSWENERGY,Mar 2013,14.52,,,,,,,14.52
JSWENERGY,Mar 2014,11.57,,,,,,,11.57
JSWENERGY,Mar 2015,18.06,,,,,,,18.06
JSWENERGY,Mar 2016,15.05,,,,,,,15.05
JSWENERGY,Mar 2017,6.01,,,,,,,6.01
JSWENERGY,Mar 2018,0.77,-1.92,NORMAL,-37.64,NORMAL,-100.0,NORMAL,-34.7
JSWENERGY,Mar 2019,5.79,1.11,NORMAL,-2.09,NORMAL,-4.36,NORMAL,0.11
JSWENERGY,Mar 2020,9.28,-2.41,NORMAL,-4.46,NORMAL,-2.64,NORMAL,-0.06
JSWENERGY,Mar 2021,5.67,-6.76,NORMAL,-10.83,NORMAL,-11.09,NORMAL,-5.75
JSWENERGY,Mar 2022,10.01,-0.23,NORMAL,22.85,NORMAL,22.42,NORMAL,13.76
JSWENERGY,Mar 2023,7.94,5.12,NORMAL,77.08,NORMAL,,ZERO_BASE,30.05
JSWENERGY,Mar 2024,8.28,4.68,NORMAL,20.32,NORMAL,20.11,NORMAL,13.35
JSWSTEEL,Mar 2013,5.44,,,,,,,5.44
JSWSTEEL,Mar 2014,1.9,,,,,,,1.9
JSWSTEEL,Mar 2015,7.73,,,,,,,7.73
JSWSTEEL,Mar 2016,-2.54,,,,,,,-2.54
JSWSTEEL,Mar 2017,15.31,,,,,,,15.31
JSWSTEEL,Mar 2018,21.83,13.49,NORMAL,45.76,NORMAL,45.41,NORMAL,31.62
JSWSTEEL,Mar 2019,21.62,10.6,NORMAL,79.66,NORMAL,74.11,NORMAL,46.5
JSWSTEEL,Mar 2020,10.71,6.72,NORMAL,17.88,NORMAL,19.42,NORMAL,13.68
JSWSTEEL,Mar 2021,16.84,13.96,NORMAL,,TURNAROUND,,TURNAROUND,15.4
JSWSTEEL,Mar 2022,31.11,21.36,NORMAL,43.28,NORMAL,41.47,NORMAL,34.3
JSWSTEEL,Mar 2023,6.3,18.2,NORMAL,-7.5,NORMAL,-8.15,NORMAL,2.21
JSWSTEEL,Mar 2024,11.55,15.6,NORMAL,3.59,NORMAL,2.38,NORMAL,8.28
KOTAKBANK,Mar 2013,14.66,,,,,,,14.66
KOTAKBANK,Mar 2014,13.24,,,,,,,13.24
KOTAKBANK,Mar 2015,14.01,,,,,,,14.01
KOTAKBANK,Mar 2016,10.56,,,,,,,10.56
KOTAKBANK,Mar 2017,13.04,,,,,,,13.04
KOTAKBANK,Mar 2018,12.4,18.32,NORMAL,22.83,NORMAL,17.08,NORMAL,17.66
KOTAKBANK,Mar 2019,12.47,20.0,NORMAL,23.31,NORMAL,18.89,NORMAL,18.67
KOTAKBANK,Mar 2020,12.9,20.24,NORMAL,22.58,NORMAL,17.61,NORMAL,18.33
KOTAKBANK,Mar 2021,11.85,9.97,NORMAL,23.17,NORMAL,21.35,NORMAL,16.58
KOTAKBANK,Mar 2022,12.51,8.61,NORMAL,19.22,NORMAL,17.7,NORMAL,14.51
KOTAKBANK,Mar 2023,13.35,10.9,NORMAL,18.99,NORMAL,17.84,NORMAL,15.27
KOTAKBANK,Mar 2024,14.01,13.52,NORMAL,20.38,NORMAL,19.34,NORMAL,16.81
LICI,Mar 2019,324.32,,,,,,,324.32
LICI,Mar 2020,270.46,,,,,,,270.46
LICI,Mar 2021,43.2,,,,,,,43.2
LICI,Mar 2022,36.38,,,,,,,36.38
LICI,Mar 2023,77.86,,,,,,,77.86
LICI,Mar 2024,49.45,8.16,NORMAL,73.18,NORMAL,,NORMAL,
LODHA,Mar 2016,17.69,,,,,,,17.69
LODHA,Mar 2017,14.48,,,,,,,14.48
LODHA,Mar 2018,15.41,34.81,NORMAL,24.64,NORMAL,10.76,NORMAL,21.4
LODHA,Mar 2019,42.8,32.15,NORMAL,33.97,NORMAL,18.47,NORMAL,31.85
LODHA,Mar 2020,16.3,14.82,NORMAL,-1.44,NORMAL,-12.94,NORMAL,4.19
LODHA,Mar 2021,1.04,-7.96,NORMAL,-41.54,NORMAL,-42.57,NORMAL,-22.76
LODHA,Mar 2022,9.98,3.1,NORMAL,15.65,NORMAL,-1.59,NORMAL,6.78
LODHA,Mar 2023,3.87,-0.43,NORMAL,-9.2,NORMAL,-12.94,NORMAL,-4.68
LODHA,Mar 2024,8.9,-2.83,NORMAL,-1.12,NORMAL,-5.29,NORMAL,-0.08
LT,Mar 2013,395.15,,,,,,,395.15
LT,Mar 2014,303.42,,,,,,,303.42
LT,Mar 2015,245.11,,,,,,,245.11
LT,Mar 2016,216.09,,,,,,,216.09
LT,Mar 2017,206.3,,,,,,,206.3
LT,Mar 2018,207.36,9.97,NORMAL,8.63,NORMAL,6.88,NORMAL,58.21
LT,Mar 2019,208.81,9.72,NORMAL,15.9,NORMAL,12.47,NORMAL,61.72
LT,Mar 2020,201.59,9.61,NORMAL,17.01,NORMAL,14.87,NORMAL,60.77
LT,Mar 2021,176.9,6.1,NORMAL,22.99,NORMAL,21.48,NORMAL,56.87
LT,Mar 2022,72.92,7.44,NORMAL,9.94,NORMAL,7.59,NORMAL,24.47
LT,Mar 2023,75.52,8.9,NORMAL,9.38,NORMAL,7.19,NORMAL,25.25
LT,Mar 2024,77.66999999999999,10.34,NORMAL,8.76,NORMAL,8.56,NORMAL,26.33
LTIM,Mar 2013,41.97,,,,,,,41.97
LTIM,Mar 2014,61.86000000000001,,,,,,,61.86
LTIM,Mar 2015,37.96,,,,,,,37.96
LTIM,Mar 2016,39.34,,,,,,,39.34
LTIM,Mar 2017,30.88,,,,,,,30.88
LTIM,Mar 2018,28.81,13.66,NORMAL,14.62,NORMAL,-17.88,NORMAL,9.8
LTIM,Mar 2019,30.98,13.93,NORMAL,8.76,NORMAL,-22.39,NORMAL,7.82
LTIM,Mar 2020,28.13,16.92,NORMAL,14.6,NORMAL,-18.23,NORMAL,10.36
LTIM,Mar 2021,26.53,16.17,NORMAL,18.31,NORMAL,17.77,NORMAL,19.7
LTIM,Mar 2022,27.65,32.06,NORMAL,32.4,NORMAL,31.6,NORMAL,30.93
LTIM,Mar 2023,26.58,35.35,NORMAL,31.72,NORMAL,18.05,NORMAL,27.92
LTIM,Mar 2024,22.9,30.33,NORMAL,24.78,NORMAL,12.24,NORMAL,22.56
M&M,Mar 2013,20.69,,,,,,,20.69
M&M,Mar 2014,22.11,,,,,,,22.11
M&M,Mar 2015,13.08,,,,,,,13.08
M&M,Mar 2016,13.42,,,,,,,13.42
M&M,Mar 2017,13.6,,,,,,,13.6
M&M,Mar 2018,21.64,6.04,NORMAL,14.02,NORMAL,12.7,NORMAL,13.6
M&M,Mar 2019,15.05,7.19,NORMAL,3.14,NORMAL,2.5,NORMAL,6.97
M&M,Mar 2020,-0.8,1.08,NORMAL,,DECLINE_TO_LOSS,-47.47,NORMAL,-15.73
M&M,Mar 2021,3.64,-0.42,NORMAL,-15.71,NORMAL,-9.71,NORMAL,-5.55
M&M,Mar 2022,15.39,1.48,NORMAL,12.35,NORMAL,12.05,NORMAL,10.32
M&M,Mar 2023,20.18,5.66,NORMAL,7.4,NORMAL,6.71,NORMAL,9.99
M&M,Mar 2024,18.54,5.84,NORMAL,15.32,NORMAL,16.18,NORMAL,13.97
MARUTI,Mar 2013,12.98,,,,,,,12.98
MARUTI,Mar 2014,13.28,,,,,,,13.28
MARUTI,Mar 2015,15.66,,,,,,,15.66
MARUTI,Mar 2016,17.95,,,,,,,17.95
MARUTI,Mar 2017,20.26,,,,,,,20.26
MARUTI,Mar 2018,18.52,12.49,NORMAL,26.12,NORMAL,26.06,NORMAL,20.8
MARUTI,Mar 2019,16.25,14.08,NORMAL,21.8,NORMAL,21.9,NORMAL,18.51
MARUTI,Mar 2020,11.49,8.29,NORMAL,8.31,NORMAL,8.33,NORMAL,9.1
MARUTI,Mar 2021,8.36,4.09,NORMAL,-4.4,NORMAL,-4.44,NORMAL,0.9
MARUTI,Mar 2022,7.01,5.34,NORMAL,-12.38,NORMAL,-12.46,NORMAL,-3.12
MARUTI,Mar 2023,11.08,8.21,NORMAL,0.95,NORMAL,0.98,NORMAL,5.3
MARUTI,Mar 2024,15.75,10.51,NORMAL,12.01,NORMAL,11.14,NORMAL,12.35
MOTHERSON,Mar 2013,19.75,,,,,,,19.75
MOTHERSON,Mar 2014,37.07,,,,,,,37.07
MOTHERSON,Mar 2015,38.87,,,,,,,38.87
MOTHERSON,Mar 2016,40.35,,,,,,,40.35
MOTHERSON,Mar 2017,26.26,,,,,,,26.26
MOTHERSON,Mar 2018,22.87,17.35,NORMAL,37.97,NORMAL,24.57,NORMAL,25.69
MOTHERSON,Mar 2019,19.14,15.87,NORMAL,13.85,NORMAL,8.45,NORMAL,14.33
MOTHERSON,Mar 2020,11.49,11.87,NORMAL,0.03,NORMAL,0.0,NORMAL,5.85
MOTHERSON,Mar 2021,12.49,9.04,NORMAL,-2.43,NORMAL,-7.79,NORMAL,2.83
MOTHERSON,Mar 2022,5.74,8.52,NORMAL,-11.46,NORMAL,-19.73,NORMAL,-4.23
MOTHERSON,Mar 2023,7.44,6.95,NORMAL,-5.87,NORMAL,-7.79,NORMAL,0.18
MOTHERSON,Mar 2024,11.55,9.21,NORMAL,7.56,NORMAL,5.92,NORMAL,8.56
NAUKRI,Mar 2013,12.5,,,,,,,12.5
NAUKRI,Mar 2014,8.93,,,,,,,8.93
NAUKRI,Mar 2015,-0.9900000000000001,,,,,,,-0.99
NAUKRI,Mar 2016,7.649999999999999,,,,,,,7.65
NAUKRI,Mar 2017,-2.7,,,,,,,-2.7
NAUKRI,Mar 2018,24.5,15.92,NORMAL,45.82,NORMAL,39.33,NORMAL,31.39
NAUKRI,Mar 2019,23.28,15.21,NORMAL,58.06,NORMAL,43.69,NORMAL,35.06
NAUKRI,Mar 2020,-11.21,12.38,NORMAL,,BOTH_NEGATIVE,,DECLINE_TO_LOSS,0.58
NAUKRI,Mar 2021,26.28,8.56,NORMAL,64.42,NORMAL,58.49,NORMAL,39.44
NAUKRI,Mar 2022,74.71,12.34,NORMAL,,TURNAROUND,,TURNAROUND,43.52
NAUKRI,Mar 2023,-0.52,18.88,NORMAL,,DECLINE_TO_LOSS,,DECLINE_TO_LOSS,9.18
NAUKRI,Mar 2024,1.97,17.12,NORMAL,0.1,NORMAL,-2.13,NORMAL,4.27
NESTLEIND,Dec 2013,47.17,,,,,,,47.17
NESTLEIND,Dec 2014,41.77,,,,,,,41.77
NESTLEIND,Dec 2015,19.99,,,,,,,19.99
NESTLEIND,Dec 2016,30.5,,,,,,,30.5
NESTLEIND,Dec 2017,35.82,,,,,,,35.82
NESTLEIND,Dec 2018,43.75,4.41,NORMAL,7.55,NORMAL,7.21,NORMAL,15.73
NESTLEIND,Dec 2019,102.61,4.65,NORMAL,10.68,NORMAL,10.76,NORMAL,32.17
NESTLEIND,Dec 2020,103.12,10.31,NORMAL,29.9,NORMAL,29.67,NORMAL,43.25
NESTLEIND,Dec 2021,108.84,10.03,NORMAL,16.17,NORMAL,17.08,NORMAL,38.03
NESTLEIND,Dec 2022,97.23,11.04,NORMAL,14.31,NORMAL,13.97,NORMAL,34.14
NESTLEIND,Dec 2023,121.96,11.11,NORMAL,13.29,NORMAL,12.77,NORMAL,39.78
NESTLEIND,Mar 2024,117.75,14.55,NORMAL,14.85,NORMAL,15.44,NORMAL,40.65
NHPC,Mar 2013,9.64,,,,,,,9.64
NHPC,Mar 2014,5.779999999999999,,,,,,,5.78
NHPC,Mar 2015,9.1,,,,,,,9.1
NHPC,Mar 2016,7.470000000000001,,,,,,,7.47
NHPC,Mar 2017,11.99,,,,,,,11.99
NHPC,Mar 2018,9.27,3.98,NORMAL,-0.62,NORMAL,0.0,NORMAL,3.16
NHPC,Mar 2019,9.21,3.98,NORMAL,11.67,NORMAL,24.57,NORMAL,12.36
NHPC,Mar 2020,10.66,4.01,NORMAL,3.64,NORMAL,8.45,NORMAL,6.69
NHPC,Mar 2021,10.89,2.92,NORMAL,8.77,NORMAL,8.45,NORMAL,7.76
NHPC,Mar 2022,10.81,1.18,NORMAL,1.64,NORMAL,5.92,NORMAL,4.89
NHPC,Mar 2023,11.53,6.46,NORMAL,8.88,NORMAL,14.87,NORMAL,10.43
NHPC,Mar 2024,10.41,1.4,NORMAL,7.27,NORMAL,5.92,NORMAL,6.25
NTPC,Mar 2013,15.49,,,,,,,15.49
NTPC,Mar 2014,13.06,,,,,,,13.06
NTPC,Mar 2015,12.17,,,,,,,12.17
NTPC,Mar 2016,11.77,,,,,,,11.77
NTPC,Mar 2017,10.95,,,,,,,10.95
NTPC,Mar 2018,10.14,4.25,NORMAL,-3.56,NORMAL,-3.29,NORMAL,1.88
NTPC,Mar 2019,12.6,5.07,NORMAL,4.24,NORMAL,3.13,NORMAL,6.26
NTPC,Mar 2020,10.02,6.48,NORMAL,3.56,NORMAL,3.71,NORMAL,5.94
NTPC,Mar 2021,11.9,8.73,NORMAL,6.78,NORMAL,6.4,NORMAL,8.45
NTPC,Mar 2022,12.53,10.09,NORMAL,9.62,NORMAL,9.1,NORMAL,10.34
NTPC,Mar 2023,11.65,14.88,NORMAL,10.27,NORMAL,9.1,NORMAL,11.48
NTPC,Mar 2024,13.27,12.22,NORMAL,8.74,NORMAL,8.45,NORMAL,10.67
ONGC,Mar 2013,15.73,,,,,,,15.73
ONGC,Mar 2014,15.49,,,,,,,15.49
ONGC,Mar 2015,9.81,,,,,,,9.81
ONGC,Mar 2016,6.619999999999999,,,,,,,6.62
ONGC,Mar 2017,15.01,,,,,,,15.01
ONGC,Mar 2018,12.78,14.78,NORMAL,1.67,NORMAL,-2.2,NORMAL,6.76
ONGC,Mar 2019,15.64,19.35,NORMAL,4.94,NORMAL,2.71,NORMAL,10.66
ONGC,Mar 2020,5.59,19.78,NORMAL,-8.34,NORMAL,-8.46,NORMAL,2.14
ONGC,Mar 2021,9.67,19.63,NORMAL,10.27,NORMAL,5.39,NORMAL,11.24
ONGC,Mar 2022,19.0,11.7,NORMAL,11.06,NORMAL,13.63,NORMAL,13.85
ONGC,Mar 2023,11.68,14.4,NORMAL,4.69,NORMAL,10.49,NORMAL,10.32
ONGC,Mar 2024,16.94,7.0,NORMAL,10.97,NORMAL,10.2,NORMAL,11.28
PFC,Mar 2013,18.74,,,,,,,18.74
PFC,Mar 2014,19.85,,,,,,,19.85
PFC,Mar 2015,18.52,,,,,,,18.52
PFC,Mar 2016,17.16,,,,,,,17.16
PFC,Mar 2017,6.069999999999999,,,,,,,6.07
PFC,Mar 2018,22.08,22.94,NORMAL,14.66,NORMAL,9.0,NORMAL,17.17
PFC,Mar 2019,26.82,20.38,NORMAL,18.27,NORMAL,12.03,NORMAL,19.38
PFC,Mar 2020,19.18,20.0,NORMAL,9.56,NORMAL,4.1,NORMAL,13.21
PFC,Mar 2021,25.86,20.8,NORMAL,20.51,NORMAL,13.63,NORMAL,20.2
PFC,Mar 2022,26.18,22.56,NORMAL,53.03,NORMAL,43.1,NORMAL,36.22
PFC,Mar 2023,25.17,9.82,NORMAL,19.21,NORMAL,19.14,NORMAL,18.34
PFC,Mar 2024,26.16,11.08,NORMAL,15.92,NORMAL,14.87,NORMAL,17.01
PIDILITIND,Mar 2013,25.68,,,,,,,25.68
PIDILITIND,Mar 2014,23.05,,,,,,,23.05
PIDILITIND,Mar 2015,22.64,,,,,,,22.64
PIDILITIND,Mar 2016,30.59,,,,,,,30.59
PIDILITIND,Mar 2017,24.86,,,,,,,24.86
PIDILITIND,Mar 2018,27.03,10.57,NORMAL,17.9,NORMAL,18.89,NORMAL,18.6
PIDILITIND,Mar 2019,22.37,10.57,NORMAL,15.58,NORMAL,14.87,NORMAL,15.85
PIDILITIND,Mar 2020,25.18,8.53,NORMAL,16.9,NORMAL,17.08,NORMAL,16.92
PIDILITIND,Mar 2021,20.13,6.35,NORMAL,6.89,NORMAL,6.58,NORMAL,9.99
PIDILITIND,Mar 2022,18.85,12.05,NORMAL,6.94,NORMAL,7.14,NORMAL,11.24
PIDILITIND,Mar 2023,17.87,14.19,NORMAL,5.94,NORMAL,5.64,NORMAL,10.91
PIDILITIND,Mar 2024,20.78,11.84,NORMAL,13.49,NORMAL,13.56,NORMAL,14.92
PNB,Mar 2013,812.3,,,,,,,812.3
PNB,Mar 2013,812.3,,,,,,,812.3
PNB,Mar 2013,812.3,,,,,,,812.3
PNB,Mar 2013,812.3,,,,,,,812.3
PNB,Mar 2013,812.3,,,,,,,812.3
PNB,Mar 2014,393.36,0.86,NORMAL,-6.05,NORMAL,-6.51,NORMAL,95.42
PNB,Mar 2014,393.36,0.86,NORMAL,-6.05,NORMAL,-6.51,NORMAL,95.42
PNB,Mar 2014,393.36,0.86,NORMAL,-6.05,NORMAL,-6.51,NORMAL,95.42
PNB,Mar 2014,393.36,0.86,NORMAL,-6.05,NORMAL,-6.51,NORMAL,95.42
PNB,Mar 2014,393.36,0.86,NORMAL,-6.05,NORMAL,-6.51,NORMAL,95.42
PNB,Mar 2015,223.24,1.62,NORMAL,-0.82,NORMAL,-2.09,NORMAL,55.49
PNB,Mar 2015,223.24,1.62,NORMAL,-0.82,NORMAL,-2.09,NORMAL,55.49
PNB,Mar 2015,223.24,1.62,NORMAL,-0.82,NORMAL,-2.09,NORMAL,55.49
PNB,Mar 2015,223.24,1.62,NORMAL,-0.82,NORMAL,-2.09,NORMAL,55.49
PNB,Mar 2015,223.24,1.62,NORMAL,-0.82,NORMAL,-2.09,NORMAL,55.49
PNB,Mar 2016,-163.56,0.85,NORMAL,,DECLINE_TO_LOSS,,DECLINE_TO_LOSS,-81.36
PNB,Mar 2016,-163.56,0.85,NORMAL,,DECLINE_TO_LOSS,,DECLINE_TO_LOSS,-81.36
PNB,Mar 2016,-163.56,0.85,NORMAL,,DECLINE_TO_LOSS,,DECLINE_TO_LOSS,-81.36
PNB,Mar 2016,-163.56,0.85,NORMAL,,DECLINE_TO_LOSS,,DECLINE_TO_LOSS,-81.36
PNB,Mar 2016,-163.56,0.85,NORMAL,,DECLINE_TO_LOSS,,DECLINE_TO_LOSS,-81.36
PNB,Mar 2017,22.21,-1.11,NORMAL,,TURNAROUND,,TURNAROUND,10.55
PNB,Mar 2017,22.21,-1.11,NORMAL,,TURNAROUND,,TURNAROUND,10.55
PNB,Mar 2017,22.21,-1.11,NORMAL,,TURNAROUND,,TURNAROUND,10.55
PNB,Mar 2017,22.21,-1.11,NORMAL,,TURNAROUND,,TURNAROUND,10.55
PNB,Mar 2017,22.21,-1.11,NORMAL,,TURNAROUND,,TURNAROUND,10.55
PNB,Mar 2018,-184.37,0.28,NORMAL,,DECLINE_TO_LOSS,,DECLINE_TO_LOSS,-92.04
PNB,Mar 2018,-184.37,0.28,NORMAL,,DECLINE_TO_LOSS,,DECLINE_TO_LOSS,-92.04
PNB,Mar 2018,-184.37,0.28,NORMAL,,DECLINE_TO_LOSS,,DECLINE_TO_LOSS,-92.04
PNB,Mar 2018,-184.37,0.28,NORMAL,,DECLINE_TO_LOSS,,DECLINE_TO_LOSS,-92.04
PNB,Mar 2018,-184.37,0.28,NORMAL,,DECLINE_TO_LOSS,,DECLINE_TO_LOSS,-92.04
PNB,Mar 2019,-128.45,1.37,NORMAL,,BOTH_NEGATIVE,,BOTH_NEGATIVE,-63.54
PNB,Mar 2019,-128.45,1.37,NORMAL,,BOTH_NEGATIVE,,BOTH_NEGATIVE,-63.54
PNB,Mar 2019,-128.45,1.37,NORMAL,,BOTH_NEGATIVE,,BOTH_NEGATIVE,-63.54
PNB,Mar 2019,-128.45,1.37,NORMAL,,BOTH_NEGATIVE,,BOTH_NEGATIVE,-63.54
PNB,Mar 2019,-128.45,1.37,NORMAL,,BOTH_NEGATIVE,,BOTH_NEGATIVE,-63.54
PNB,Mar 2020,6.1,1.04,NORMAL,,TURNAROUND,,TURNAROUND,3.57
PNB,Mar 2020,6.1,1.04,NORMAL,,TURNAROUND,,TURNAROUND,3.57
PNB,Mar 2020,6.1,1.04,NORMAL,,TURNAROUND,,TURNAROUND,3.57
PNB,Mar 2020,6.1,1.04,NORMAL,,TURNAROUND,,TURNAROUND,3.57
PNB,Mar 2020,6.1,1.04,NORMAL,,TURNAROUND,,TURNAROUND,3.57
PNB,Mar 2021,30.39,8.33,NORMAL,40.92,NORMAL,14.87,NORMAL,23.63
PNB,Mar 2021,30.39,8.33,NORMAL,40.92,NORMAL,14.87,NORMAL,23.63
PNB,Mar 2021,30.39,8.33,NORMAL,40.92,NORMAL,14.87,NORMAL,23.63
PNB,Mar 2021,30.39,8.33,NORMAL,40.92,NORMAL,14.87,NORMAL,23.63
PNB,Mar 2021,30.39,8.33,NORMAL,40.92,NORMAL,14.87,NORMAL,23.63
PNB,Mar 2022,39.87,-1.43,NORMAL,7.72,NORMAL,14.87,NORMAL,15.26
PNB,Mar 2022,39.87,-1.43,NORMAL,7.72,NORMAL,14.87,NORMAL,15.26
PNB,Mar 2022,39.87,-1.43,NORMAL,7.72,NORMAL,14.87,NORMAL,15.26
PNB,Mar 2022,39.87,-1.43,NORMAL,7.72,NORMAL,14.87,NORMAL,15.26
PNB,Mar 2022,39.87,-1.43,NORMAL,7.72,NORMAL,14.87,NORMAL,15.26
PNB,Mar 2023,30.67,2.64,NORMAL,-2.98,NORMAL,-5.59,NORMAL,6.18
PNB,Mar 2023,30.67,2.64,NORMAL,-2.98,NORMAL,-5.59,NORMAL,6.18
PNB,Mar 2023,30.67,2.64,NORMAL,-2.98,NORMAL,-5.59,NORMAL,6.18
PNB,Mar 2023,30.67,2.64,NORMAL,-2.98,NORMAL,-5.59,NORMAL,6.18
PNB,Mar 2023,30.67,2.64,NORMAL,-2.98,NORMAL,-5.59,NORMAL,6.18
PNB,Mar 2024,61.31999999999999,4.66,NORMAL,22.21,NORMAL,21.67,NORMAL,27.46
PNB,Mar 2024,61.31999999999999,4.66,NORMAL,22.21,NORMAL,21.67,NORMAL,27.46
PNB,Mar 2024,61.31999999999999,4.66,NORMAL,22.21,NORMAL,21.67,NORMAL,27.46
PNB,Mar 2024,61.31999999999999,4.66,NORMAL,22.21,NORMAL,21.67,NORMAL,27.46
PNB,Mar 2024,61.31999999999999,4.66,NORMAL,22.21,NORMAL,21.67,NORMAL,27.46
POWERGRID,Mar 2013,16.34,,,,,,,16.34
POWERGRID,Mar 2013,16.34,,,,,,,16.34
POWERGRID,Mar 2014,13.11,,,,,,,13.11
POWERGRID,Mar 2014,13.11,,,,,,,13.11
POWERGRID,Mar 2015,13.13,6.04,NORMAL,3.19,NORMAL,0.0,NORMAL,5.59
POWERGRID,Mar 2015,13.13,6.04,NORMAL,3.19,NORMAL,0.0,NORMAL,5.59
POWERGRID,Mar 2016,13.55,5.83,NORMAL,5.55,NORMAL,3.71,NORMAL,7.16
POWERGRID,Mar 2016,13.55,5.83,NORMAL,5.55,NORMAL,3.71,NORMAL,7.16
POWERGRID,Mar 2017,14.94,7.94,NORMAL,8.11,NORMAL,9.86,NORMAL,10.21
POWERGRID,Mar 2017,14.94,7.94,NORMAL,8.11,NORMAL,9.86,NORMAL,10.21
POWERGRID,Mar 2018,15.07,7.72,NORMAL,6.6,NORMAL,8.45,NORMAL,9.46
POWERGRID,Mar 2018,15.07,7.72,NORMAL,6.6,NORMAL,8.45,NORMAL,9.46
POWERGRID,Mar 2019,16.98,6.41,NORMAL,6.13,NORMAL,6.58,NORMAL,9.02
POWERGRID,Mar 2019,16.98,6.41,NORMAL,6.13,NORMAL,6.58,NORMAL,9.02
POWERGRID,Mar 2020,17.09,4.73,NORMAL,6.15,NORMAL,5.92,NORMAL,8.47
POWERGRID,Mar 2020,17.09,4.73,NORMAL,6.15,NORMAL,5.92,NORMAL,8.47
POWERGRID,Mar 2021,17.21,2.49,NORMAL,3.71,NORMAL,3.4,NORMAL,6.7
POWERGRID,Mar 2021,17.21,2.49,NORMAL,3.71,NORMAL,3.4,NORMAL,6.7
POWERGRID,Mar 2022,22.07,1.98,NORMAL,8.75,NORMAL,8.45,NORMAL,10.31
POWERGRID,Mar 2022,22.07,1.98,NORMAL,8.75,NORMAL,8.45,NORMAL,10.31
POWERGRID,Mar 2023,18.57,2.84,NORMAL,5.08,NORMAL,5.51,NORMAL,8.0
POWERGRID,Mar 2023,18.57,2.84,NORMAL,5.08,NORMAL,5.51,NORMAL,8.0
POWERGRID,Mar 2024,17.87,1.95,NORMAL,-1.53,NORMAL,-1.14,NORMAL,4.29
POWERGRID,Mar 2024,17.87,1.95,NORMAL,-1.53,NORMAL,-1.14,NORMAL,4.29
RECLTD,Mar 2013,21.87,,,,,,,21.87
RECLTD,Mar 2014,22.79,,,,,,,22.79
RECLTD,Mar 2015,21.31,,,,,,,21.31
RECLTD,Mar 2016,19.7,,,,,,,19.7
RECLTD,Mar 2017,18.75,,,,,,,18.75
RECLTD,Mar 2018,13.66,10.69,NORMAL,3.03,NORMAL,2.53,NORMAL,7.48
RECLTD,Mar 2019,16.62,8.09,NORMAL,3.9,NORMAL,4.1,NORMAL,8.18
RECLTD,Mar 2020,14.05,7.82,NORMAL,-1.43,NORMAL,-1.02,NORMAL,4.86
RECLTD,Mar 2021,19.14,8.07,NORMAL,8.04,NORMAL,7.78,NORMAL,10.76
RECLTD,Mar 2022,19.56,10.04,NORMAL,9.71,NORMAL,9.63,NORMAL,12.24
RECLTD,Mar 2023,19.21,11.75,NORMAL,20.2,NORMAL,19.83,NORMAL,17.75
RECLTD,Mar 2024,20.4,13.34,NORMAL,19.76,NORMAL,19.67,NORMAL,18.29
RELIANCE,Mar 2013,11.47,,,,,,,11.47
RELIANCE,Mar 2014,11.35,,,,,,,11.35
RELIANCE,Mar 2015,10.82,,,,,,,10.82
RELIANCE,Mar 2016,12.9,,,,,,,12.9
RELIANCE,Mar 2017,11.31,,,,,,,11.31
RELIANCE,Mar 2018,12.29,-0.26,NORMAL,11.55,NORMAL,12.47,NORMAL,9.01
RELIANCE,Mar 2019,10.29,5.56,NORMAL,12.06,NORMAL,12.63,NORMAL,10.14
RELIANCE,Mar 2020,8.88,9.77,NORMAL,11.03,NORMAL,11.27,NORMAL,10.24
RELIANCE,Mar 2021,7.68,11.34,NORMAL,12.47,NORMAL,12.13,NORMAL,10.9
RELIANCE,Mar 2022,8.7,17.98,NORMAL,17.86,NORMAL,15.39,NORMAL,14.98
RELIANCE,Mar 2023,10.35,17.53,NORMAL,15.48,NORMAL,12.66,NORMAL,14.0
RELIANCE,Mar 2024,9.959999999999999,9.61,NORMAL,14.68,NORMAL,11.95,NORMAL,11.55
SBILIFE,Mar 2013,23.03,,,,,,,23.03
SBILIFE,Mar 2014,21.69,,,,,,,21.69
SBILIFE,Mar 2015,20.09,,,,,,,20.09
SBILIFE,Mar 2016,17.83,,,,,,,17.83
SBILIFE,Mar 2017,17.2,,,,,,,17.2
SBILIFE,Mar 2018,17.62,18.03,NORMAL,12.79,NORMAL,14.87,NORMAL,15.83
SBILIFE,Mar 2019,17.52,20.91,NORMAL,12.76,NORMAL,13.18,NORMAL,16.09
SBILIFE,Mar 2020,16.26,13.36,NORMAL,11.78,NORMAL,11.84,NORMAL,13.31
SBILIFE,Mar 2021,14.0,33.49,NORMAL,11.52,NORMAL,13.4,NORMAL,18.1
SBILIFE,Mar 2022,12.96,22.12,NORMAL,9.54,NORMAL,8.45,NORMAL,13.27
SBILIFE,Mar 2023,13.22,18.81,NORMAL,8.4,NORMAL,7.21,NORMAL,11.91
SBILIFE,Mar 2024,12.7,24.23,NORMAL,7.37,NORMAL,7.89,NORMAL,13.05
SHREECEM,Jun 2013,26.12,,,,,,,26.12
SHREECEM,Jun 2014,16.71,,,,,,,16.71
SHREECEM,Jun 2015,8.07,,,,,,,8.07
SHREECEM,Mar 2017,17.39,,,,,,,17.39
SHREECEM,Mar 2018,15.56,12.66,NORMAL,6.63,NORMAL,6.63,NORMAL,10.37
SHREECEM,Mar 2019,10.5,17.05,NORMAL,5.22,NORMAL,5.04,NORMAL,9.45
SHREECEM,Mar 2020,11.72,15.51,NORMAL,29.37,NORMAL,28.41,NORMAL,21.25
SHREECEM,Mar 2021,15.18,19.72,NORMAL,15.38,NORMAL,14.52,NORMAL,16.2
SHREECEM,Mar 2022,7.27,11.8,NORMAL,-1.07,NORMAL,-1.73,NORMAL,4.07
SHREECEM,Mar 2023,12.71,12.67,NORMAL,11.35,NORMAL,10.83,NORMAL,11.89
SHREECEM,Mar 2024,8.37,10.33,NORMAL,11.29,NORMAL,10.68,NORMAL,10.17
SHRIRAMFIN,Mar 2013,19.94,,,,,,,19.94
SHRIRAMFIN,Mar 2014,15.96,,,,,,,15.96
SHRIRAMFIN,Mar 2015,11.09,,,,,,,11.09
SHRIRAMFIN,Mar 2016,11.64,,,,,,,11.64
SHRIRAMFIN,Mar 2017,11.17,,,,,,,11.17
SHRIRAMFIN,Mar 2018,18.62,14.01,NORMAL,11.74,NORMAL,10.76,NORMAL,13.78
SHRIRAMFIN,Mar 2019,16.14,12.88,NORMAL,13.66,NORMAL,12.7,NORMAL,13.85
SHRIRAMFIN,Mar 2020,13.85,12.53,NORMAL,19.57,NORMAL,20.11,NORMAL,16.52
SHRIRAMFIN,Mar 2021,11.51,10.96,NORMAL,16.11,NORMAL,14.87,NORMAL,13.36
SHRIRAMFIN,Mar 2022,10.43,12.05,NORMAL,16.54,NORMAL,14.87,NORMAL,13.47
SHRIRAMFIN,Mar 2023,13.84,17.69,NORMAL,18.75,NORMAL,9.86,NORMAL,15.04
SHRIRAMFIN,Mar 2024,15.12,18.56,NORMAL,23.49,NORMAL,14.29,NORMAL,17.87
SIEMENS,Sep 2011,22.75,,,,,,,22.75
SIEMENS,Sep 2014,13.78,,,,,,,13.78
SIEMENS,Sep 2015,22.94,,,,,,,22.94
SIEMENS,Sep 2016,42.83,,,,,,,42.83
SIEMENS,Sep 2017,14.79,,,,,,,14.79
SIEMENS,Sep 2018,10.86,1.37,NORMAL,0.75,NORMAL,,NORMAL,
SIEMENS,Sep 2019,12.14,4.15,NORMAL,12.76,NORMAL,12.77,NORMAL,10.45
SIEMENS,Sep 2020,8.1,-1.2,NORMAL,-8.11,NORMAL,-7.79,NORMAL,-2.25
SIEMENS,Sep 2021,10.52,4.02,NORMAL,-17.87,NORMAL,-17.68,NORMAL,-5.25
SIEMENS,Sep 2022,13.29,7.84,NORMAL,6.3,NORMAL,6.09,NORMAL,8.38
SIEMENS,Sep 2023,14.99,8.85,NORMAL,16.84,NORMAL,17.08,NORMAL,14.44
SIEMENS,Sep 2024,17.7,11.19,NORMAL,19.85,NORMAL,19.64,NORMAL,17.1
SUNPHARMA,Mar 2013,23.14,,,,,,,23.14
SUNPHARMA,Mar 2014,20.94,,,,,,,20.94
SUNPHARMA,Mar 2015,21.36,,,,,,,21.36
SUNPHARMA,Mar 2016,17.15,,,,,,,17.15
SUNPHARMA,Mar 2017,21.41,,,,,,,21.41
SUNPHARMA,Mar 2018,6.63,18.93,NORMAL,-6.03,NORMAL,-8.46,NORMAL,2.77
SUNPHARMA,Mar 2019,7.75,12.57,NORMAL,-3.73,NORMAL,-6.01,NORMAL,2.64
SUNPHARMA,Mar 2020,9.22,3.69,NORMAL,-5.29,NORMAL,-6.17,NORMAL,0.36
SUNPHARMA,Mar 2021,4.89,3.29,NORMAL,-16.68,NORMAL,-8.78,NORMAL,-4.32
SUNPHARMA,Mar 2022,7.06,4.13,NORMAL,-15.46,NORMAL,-13.55,NORMAL,-4.46
SUNPHARMA,Mar 2023,15.2,10.62,NORMAL,27.34,NORMAL,31.21,NORMAL,21.09
SUNPHARMA,Mar 2024,15.09,10.78,NORMAL,24.54,NORMAL,29.46,NORMAL,19.97
TATACONSUM,Mar 2013,9.25,,,,,,,9.25
TATACONSUM,Mar 2014,8.72,,,,,,,8.72
TATACONSUM,Mar 2015,4.97,,,,,,,4.97
TATACONSUM,Mar 2016,-0.59,,,,,,,-0.59
TATACONSUM,Mar 2017,7.26,,,,,,,7.26
TATACONSUM,Mar 2018,7.91,-1.5,NORMAL,4.55,NORMAL,5.92,NORMAL,4.22
TATACONSUM,Mar 2019,6.23,-1.29,NORMAL,-2.17,NORMAL,-3.04,NORMAL,-0.07
TATACONSUM,Mar 2020,3.330000000000001,3.81,NORMAL,11.0,NORMAL,4.56,NORMAL,5.68
TATACONSUM,Mar 2021,6.4,11.82,NORMAL,,TURNAROUND,,ZERO_BASE,9.11
TATACONSUM,Mar 2022,6.7,12.88,NORMAL,17.41,NORMAL,10.76,NORMAL,11.94
TATACONSUM,Mar 2023,8.110000000000001,15.13,NORMAL,18.88,NORMAL,8.45,NORMAL,12.64
TATACONSUM,Mar 2024,7.57,15.96,NORMAL,21.6,NORMAL,14.87,NORMAL,15.0
TATAMOTORS,Mar 2013,26.51,,,,,,,26.51
TATAMOTORS,Mar 2014,21.42,,,,,,,21.42
TATAMOTORS,Mar 2015,25.01,,,,,,,25.01
TATAMOTORS,Mar 2016,14.79,,,,,,,14.79
TATAMOTORS,Mar 2017,13.02,,,,,,,13.02
TATAMOTORS,Mar 2018,9.53,9.08,NORMAL,-1.84,NORMAL,-2.4,NORMAL,3.59
TATAMOTORS,Mar 2019,-47.73,5.34,NORMAL,,DECLINE_TO_LOSS,,DECLINE_TO_LOSS,-21.2
TATAMOTORS,Mar 2020,-18.98,-0.16,NORMAL,,DECLINE_TO_LOSS,,DECLINE_TO_LOSS,-9.57
TATAMOTORS,Mar 2021,-24.25,-1.76,NORMAL,,DECLINE_TO_LOSS,,DECLINE_TO_LOSS,-13.0
TATAMOTORS,Mar 2022,-25.38,0.64,NORMAL,,DECLINE_TO_LOSS,,DECLINE_TO_LOSS,-12.37
TATAMOTORS,Mar 2023,5.94,3.48,NORMAL,-21.62,NORMAL,-25.74,NORMAL,-9.48
TATAMOTORS,Mar 2024,37.46,7.72,NORMAL,,TURNAROUND,,TURNAROUND,22.59
TATAPOWER,Mar 2013,1.0,,,,,,,1.0
TATAPOWER,Mar 2014,0.1,,,,,,,0.1
TATAPOWER,Mar 2015,3.19,,,,,,,3.19
TATAPOWER,Mar 2016,6.76,,,,,,,6.76
TATAPOWER,Mar 2017,8.32,,,,,,,8.32
TATAPOWER,Mar 2018,15.92,-4.15,NORMAL,84.24,NORMAL,,ZERO_BASE,32.0
TATAPOWER,Mar 2019,14.24,-3.51,NORMAL,193.33,NORMAL,,TURNAROUND,68.02
TATAPOWER,Mar 2020,6.73,-2.81,NORMAL,23.56,NORMAL,31.95,NORMAL,14.86
TATAPOWER,Mar 2021,6.45,2.09,NORMAL,12.86,NORMAL,14.87,NORMAL,9.07
TATAPOWER,Mar 2022,9.610000000000001,9.19,NORMAL,14.41,NORMAL,10.76,NORMAL,10.99
TATAPOWER,Mar 2023,13.23,15.48,NORMAL,7.85,NORMAL,2.13,NORMAL,9.67
TATAPOWER,Mar 2024,13.23,15.51,NORMAL,10.43,NORMAL,5.92,NORMAL,11.27
TATASTEEL,Mar 2013,-21.28,,,,,,,-21.28
TATASTEEL,Mar 2014,9.04,,,,,,,9.04
TATASTEEL,Mar 2015,-12.56,,,,,,,-12.56
TATASTEEL,Mar 2016,-1.14,,,,,,,-1.14
TATASTEEL,Mar 2017,-11.02,,,,,,,-11.02
TATASTEEL,Mar 2018,29.15,-1.76,NORMAL,,TURNAROUND,,TURNAROUND,13.69
TATASTEEL,Mar 2019,13.23,1.19,NORMAL,20.01,NORMAL,24.57,NORMAL,14.75
TATASTEEL,Mar 2020,1.6,0.04,NORMAL,,TURNAROUND,,TURNAROUND,0.82
TATASTEEL,Mar 2021,11.03,8.92,NORMAL,,TURNAROUND,,ZERO_BASE,9.98
TATASTEEL,Mar 2022,36.48,16.79,NORMAL,,TURNAROUND,,TURNAROUND,26.64
TATASTEEL,Mar 2023,7.829999999999999,14.58,NORMAL,-14.57,NORMAL,-10.22,NORMAL,-0.6
TATASTEEL,Mar 2024,-5.33,7.77,NORMAL,,DECLINE_TO_LOSS,,DECLINE_TO_LOSS,1.22
TCS,Mar 2013,36.52,,,,,,,36.52
TCS,Mar 2014,39.3,,,,,,,39.3
TCS,Mar 2015,39.62,,,,,,,39.62
TCS,Mar 2016,34.23999999999999,,,,,,,34.24
TCS,Mar 2017,30.57,,,,,,,30.57
TCS,Mar 2018,30.4,14.34,NORMAL,12.95,NORMAL,13.23,NORMAL,17.73
TCS,Mar 2019,35.29,12.35,NORMAL,10.3,NORMAL,11.38,NORMAL,17.33
TCS,Mar 2020,38.57,10.64,NORMAL,10.1,NORMAL,11.02,NORMAL,17.58
TCS,Mar 2021,37.66999999999999,8.61,NORMAL,5.99,NORMAL,7.26,NORMAL,14.88
TCS,Mar 2022,43.13,10.2,NORMAL,7.84,NORMAL,9.4,NORMAL,17.64
TCS,Mar 2023,46.78,12.86,NORMAL,10.33,NORMAL,11.41,NORMAL,20.34
TCS,Mar 2024,50.94,10.46,NORMAL,7.87,NORMAL,8.62,NORMAL,19.47
TECHM,Mar 2013,24.09,,,,,,,24.09
TECHM,Mar 2013,24.09,,,,,,,24.09
TECHM,Mar 2014,33.35,,,,,,,33.35
TECHM,Mar 2014,33.35,,,,,,,33.35
TECHM,Mar 2015,21.71,26.9,NORMAL,15.26,NORMAL,1.55,NORMAL,16.36
TECHM,Mar 2015,21.71,26.9,NORMAL,15.26,NORMAL,1.55,NORMAL,16.36
TECHM,Mar 2016,20.75,7.1,NORMAL,-0.23,NORMAL,-0.63,NORMAL,6.75
TECHM,Mar 2016,20.75,7.1,NORMAL,-0.23,NORMAL,-0.63,NORMAL,6.75
TECHM,Mar 2017,17.35,5.2,NORMAL,1.4,NORMAL,1.44,NORMAL,6.35
TECHM,Mar 2017,17.35,5.2,NORMAL,1.4,NORMAL,1.44,NORMAL,6.35
TECHM,Mar 2018,20.09,3.04,NORMAL,4.58,NORMAL,4.7,NORMAL,8.1
TECHM,Mar 2018,20.09,3.04,NORMAL,4.58,NORMAL,4.7,NORMAL,8.1
TECHM,Mar 2019,21.14,3.58,NORMAL,8.51,NORMAL,8.7,NORMAL,10.48
TECHM,Mar 2019,21.14,3.58,NORMAL,8.51,NORMAL,8.7,NORMAL,10.48
TECHM,Mar 2020,17.87,3.68,NORMAL,0.58,NORMAL,1.49,NORMAL,5.9
TECHM,Mar 2020,17.87,3.68,NORMAL,0.58,NORMAL,1.49,NORMAL,5.9
TECHM,Mar 2021,17.51,1.73,NORMAL,0.3,NORMAL,0.89,NORMAL,5.11
TECHM,Mar 2021,17.51,1.73,NORMAL,0.3,NORMAL,0.89,NORMAL,5.11
TECHM,Mar 2022,20.94,3.9,NORMAL,7.64,NORMAL,6.3,NORMAL,9.69
TECHM,Mar 2022,20.94,3.9,NORMAL,7.64,NORMAL,6.3,NORMAL,9.69
TECHM,Mar 2023,17.39,7.08,NORMAL,2.22,NORMAL,1.68,NORMAL,7.09
TECHM,Mar 2023,17.39,7.08,NORMAL,2.22,NORMAL,1.68,NORMAL,7.09
TECHM,Mar 2024,8.99,3.09,NORMAL,-15.7,NORMAL,-15.89,NORMAL,-4.88
TECHM,Mar 2024,8.99,3.09,NORMAL,-15.7,NORMAL,-15.89,NORMAL,-4.88
TITAN,Mar 2013,36.8,,,,,,,36.8
TITAN,Mar 2014,29.13,,,,,,,29.13
TITAN,Mar 2015,26.46,,,,,,,26.46
TITAN,Mar 2016,19.25,,,,,,,19.25
TITAN,Mar 2017,16.47,,,,,,,16.47
TITAN,Mar 2018,21.65,9.75,NORMAL,8.73,NORMAL,10.2,NORMAL,12.58
TITAN,Mar 2019,22.88,12.6,NORMAL,13.58,NORMAL,14.87,NORMAL,15.98
TITAN,Mar 2020,22.39,12.06,NORMAL,12.84,NORMAL,13.56,NORMAL,15.21
TITAN,Mar 2021,12.99,13.93,NORMAL,7.61,NORMAL,6.58,NORMAL,10.28
TITAN,Mar 2022,23.63,16.78,NORMAL,25.82,NORMAL,24.57,NORMAL,22.7
TITAN,Mar 2023,27.63,20.28,NORMAL,24.33,NORMAL,23.27,NORMAL,23.88
TITAN,Mar 2024,37.22,20.9,NORMAL,20.27,NORMAL,19.51,NORMAL,24.48
TORNTPHARM,Mar 2013,30.59,,,,,,,30.59
TORNTPHARM,Mar 2014,34.89,,,,,,,34.89
TORNTPHARM,Mar 2015,30.15,,,,,,,30.15
TORNTPHARM,Mar 2016,49.6,,,,,,,49.6
TORNTPHARM,Mar 2017,21.47,,,,,,,21.47
TORNTPHARM,Mar 2018,14.67,13.19,NORMAL,9.28,NORMAL,9.0,NORMAL,11.54
TORNTPHARM,Mar 2019,9.229999999999999,12.96,NORMAL,-8.07,NORMAL,-8.25,NORMAL,1.47
TORNTPHARM,Mar 2020,21.25,11.36,NORMAL,6.42,NORMAL,6.4,NORMAL,11.36
TORNTPHARM,Mar 2021,21.45,3.66,NORMAL,-6.3,NORMAL,-6.22,NORMAL,3.15
TORNTPHARM,Mar 2022,13.05,7.9,NORMAL,-3.61,NORMAL,-3.86,NORMAL,3.37
TORNTPHARM,Mar 2023,20.09,10.09,NORMAL,12.92,NORMAL,13.09,NORMAL,14.05
TORNTPHARM,Mar 2024,24.15,6.93,NORMAL,30.59,NORMAL,30.39,NORMAL,23.02
TRENT,Mar 2013,-2.19,,,,,,,-2.19
TRENT,Mar 2014,-1.92,,,,,,,-1.92
TRENT,Mar 2015,9.07,,,,,,,9.07
TRENT,Mar 2016,3.76,,,,,,,3.76
TRENT,Mar 2017,5.489999999999999,,,,,,,5.49
TRENT,Mar 2018,5.45,0.23,NORMAL,,TURNAROUND,,TURNAROUND,2.84
TRENT,Mar 2019,5.77,2.43,NORMAL,,TURNAROUND,,TURNAROUND,4.1
TRENT,Mar 2020,4.44,8.82,NORMAL,-3.85,NORMAL,-5.59,NORMAL,0.96
TRENT,Mar 2021,-7.829999999999999,8.99,NORMAL,,DECLINE_TO_LOSS,,DECLINE_TO_LOSS,0.58
TRENT,Mar 2022,1.48,19.94,NORMAL,-16.26,NORMAL,0.0,NORMAL,1.29
TRENT,Mar 2023,15.18,30.75,NORMAL,35.27,NORMAL,34.08,NORMAL,28.82
TRENT,Mar 2024,36.31,36.31,NORMAL,73.11,NORMAL,69.52,NORMAL,53.81
TVSMOTOR,Mar 2013,22.02,,,,,,,22.02
TVSMOTOR,Mar 2014,16.11,,,,,,,16.11
TVSMOTOR,Mar 2015,24.75,,,,,,,24.75
TVSMOTOR,Mar 2016,23.58,,,,,,,23.58
TVSMOTOR,Mar 2017,22.96,,,,,,,22.96
TVSMOTOR,Mar 2018,24.83,16.82,NORMAL,27.42,NORMAL,28.47,NORMAL,24.38
TVSMOTOR,Mar 2019,22.86,19.18,NORMAL,31.13,NORMAL,30.26,NORMAL,25.86
TVSMOTOR,Mar 2020,19.71,12.94,NORMAL,14.55,NORMAL,13.18,NORMAL,15.1
TVSMOTOR,Mar 2021,15.89,11.29,NORMAL,7.22,NORMAL,7.63,NORMAL,10.51
TVSMOTOR,Mar 2022,16.61,14.34,NORMAL,7.51,NORMAL,7.78,NORMAL,11.56
TVSMOTOR,Mar 2023,23.78,14.37,NORMAL,14.5,NORMAL,14.87,NORMAL,16.88
TVSMOTOR,Mar 2024,26.22,14.19,NORMAL,19.67,NORMAL,19.14,NORMAL,19.8
ULTRACEMCO,Mar 2013,17.65,,,,,,,17.65
ULTRACEMCO,Mar 2014,12.88,,,,,,,12.88
ULTRACEMCO,Mar 2015,11.04,,,,,,,11.04
ULTRACEMCO,Mar 2016,11.3,,,,,,,11.3
ULTRACEMCO,Mar 2017,11.13,,,,,,,11.13
ULTRACEMCO,Mar 2018,8.43,8.59,NORMAL,-3.72,NORMAL,-3.74,NORMAL,2.39
ULTRACEMCO,Mar 2019,7.109999999999999,14.87,NORMAL,1.64,NORMAL,1.92,NORMAL,6.38
ULTRACEMCO,Mar 2020,14.73,12.73,NORMAL,22.3,NORMAL,21.23,NORMAL,17.75
ULTRACEMCO,Mar 2021,12.36,12.2,NORMAL,17.11,NORMAL,16.0,NORMAL,14.42
ULTRACEMCO,Mar 2022,14.54,15.69,NORMAL,22.0,NORMAL,20.74,NORMAL,18.24
ULTRACEMCO,Mar 2023,9.34,15.34,NORMAL,17.93,NORMAL,16.66,NORMAL,14.82
ULTRACEMCO,Mar 2024,11.63,11.33,NORMAL,23.89,NORMAL,22.53,NORMAL,17.34
UNIONBANK,Mar 2013,12.39,,,,,,,12.39
UNIONBANK,Mar 2014,9.049999999999999,,,,,,,9.05
UNIONBANK,Mar 2015,8.9,,,,,,,8.9
UNIONBANK,Mar 2016,5.84,,,,,,,5.84
UNIONBANK,Mar 2017,2.38,,,,,,,2.38
UNIONBANK,Mar 2018,-20.64,5.54,NORMAL,,DECLINE_TO_LOSS,,DECLINE_TO_LOSS,-7.55
UNIONBANK,Mar 2019,-10.89,3.14,NORMAL,,DECLINE_TO_LOSS,,DECLINE_TO_LOSS,-3.88
UNIONBANK,Mar 2020,-9.180000000000001,3.11,NORMAL,,DECLINE_TO_LOSS,,DECLINE_TO_LOSS,-3.04
UNIONBANK,Mar 2021,4.42,16.49,NORMAL,16.28,NORMAL,-27.52,NORMAL,2.42
UNIONBANK,Mar 2022,7.430000000000001,15.76,NORMAL,55.83,NORMAL,0.0,NORMAL,19.76
UNIONBANK,Mar 2023,10.8,19.76,NORMAL,,TURNAROUND,,TURNAROUND,15.28
UNIONBANK,Mar 2024,14.14,23.95,NORMAL,,TURNAROUND,,TURNAROUND,19.05
INDIGO,Mar 2013,17886.36,,,,,,,17886.36
INDIGO,Mar 2014,10772.73,,,,,,,10772.73
INDIGO,Mar 2015,4939.39,,,,,,,4939.39
INDIGO,Mar 2016,1534.78,,,,,,,1534.78
INDIGO,Mar 2017,1692.86,,,,,,,1692.86
INDIGO,Mar 2018,2242.0,20.13,NORMAL,23.29,NORMAL,-70.43,NORMAL,553.75
INDIGO,Mar 2019,120.93,20.72,NORMAL,-19.93,NORMAL,-80.83,NORMAL,10.22
INDIGO,Mar 2020,-138.55,20.76,NORMAL,,DECLINE_TO_LOSS,,DECLINE_TO_LOSS,-58.9
INDIGO,Mar 2021,-1094.15,-1.93,NORMAL,,DECLINE_TO_LOSS,,DECLINE_TO_LOSS,-548.04
INDIGO,Mar 2022,-48.77,6.89,NORMAL,,DECLINE_TO_LOSS,,DECLINE_TO_LOSS,-20.94
INDIGO,Mar 2023,-40.8,18.79,NORMAL,,DECLINE_TO_LOSS,,DECLINE_TO_LOSS,-11.0
INDIGO,Mar 2024,892.57,19.31,NORMAL,120.69,NORMAL,121.24,NORMAL,288.45
